사업장명,Keyword_Review_Summary,Facility_Available,Parking_Available
라운지목화 합정관,"{'""음식이 맛있어요""': 293, '""인테리어가 멋져요""': 168, '""친절해요""': 129, '""대화하기 좋아요""': 114}","['단체 이용 가능', '예약', '무선 인터넷']",False
탭샵바 합정점,"{'""술이 다양해요""': 111, '""음식이 맛있어요""': 99, '""인테리어가 멋져요""': 76, '""음악이 좋아요""': 52}","['와인 페어링', '전문 소믈리에', '포장', '단체 이용 가능', '배달', '예약', '무선 인터넷', '남/녀 화장실 구분', '장애인 휠체어 이용가능', '출입구 휠체어 이용가능']",True
연남골목냉면,"{'""음식이 맛있어요""': 58, '""재료가 신선해요""': 15, '""양이 많아요""': 14, '""혼밥하기 좋아요""': 12}",[],False
유아하,"{'""음식이 맛있어요""': 60, '""인테리어가 멋져요""': 38, '""특별한 메뉴가 있어요""': 38, '""친절해요""': 31}","['콜키지 가능', '생일 혜택', '단체 이용 가능']",False
증증일상,"{'""음식이 맛있어요""': 480, '""친절해요""': 223, '""특별한 메뉴가 있어요""': 184, '""가성비가 좋아요""': 174}","['포장', '배달', '무선 인터넷', '유아의자', '예약']",False
낙경,"{'""음식이 맛있어요""': 320, '""친절해요""': 192, '""인테리어가 멋져요""': 176, '""특별한 메뉴가 있어요""': 147}","['콜키지 가능', '생일 혜택', '예약', '무선 인터넷', '남/녀 화장실 구분', '단체 이용 가능', '노키즈존']",False
왕소야,"{'""음식이 맛있어요""': 751, '""재료가 신선해요""': 482, '""친절해요""': 406, '""특별한 메뉴가 있어요""': 285}","['포장', '무선 인터넷', '예약', '단체 이용 가능']",True
잇스시,"{'""음식이 맛있어요""': 772, '""재료가 신선해요""': 484, '""친절해요""': 364, '""인테리어가 멋져요""': 352}","['콜키지 가능', '비건 메뉴', '포장', '배달', '예약', '남/녀 화장실 구분', '무선 인터넷', '단체 이용 가능']",False
호박꽃 홍대점,"{'""음식이 맛있어요""': 271, '""재료가 신선해요""': 172, '""친절해요""': 163, '""인테리어가 멋져요""': 146}","['콜키지 가능', '생일 혜택', '단체 이용 가능', '무선 인터넷', '남/녀 화장실 구분', '예약']",False
해몽 마포점,"{'""음식이 맛있어요""': 191, '""고기 질이 좋아요""': 146, '""친절해요""': 118, '""직접 잘 구워줘요""': 65}","['콜키지 가능', '남/녀 화장실 구분', '무선 인터넷', '예약', '단체 이용 가능']",False
골목포차,"{'""음식이 맛있어요""': 64, '""가성비가 좋아요""': 44, '""친절해요""': 33, '""음악이 좋아요""': 31}","['생일 혜택', '남/녀 화장실 구분', '예약', '단체 이용 가능', '반려동물 동반', '무선 인터넷', '노키즈존', '대기공간', '좌석 휠체어 이용가능']",False
역전할머니맥주 홍대입구역점,"{'""음식이 맛있어요""': 206, '""가성비가 좋아요""': 121, '""기본 안주가 좋아요""': 101, '""술이 다양해요""': 67}",[],False
만선호프,"{'""음식이 맛있어요""': 100, '""음악이 좋아요""': 63, '""단체모임 하기 좋아요""': 62, '""가성비가 좋아요""': 51}","['남/녀 화장실 구분', '단체 이용 가능', '예약', '반려동물 동반']",False
달콤왕가탕후루 홍대1호점,"{'""디저트가 맛있어요""': 47, '""친절해요""': 10, '""특별한 메뉴가 있어요""': 9, '""가성비가 좋아요""': 5}",[],False
오늘하루,"{'""음식이 맛있어요""': 126, '""기본 안주가 좋아요""': 83, '""술이 다양해요""': 63, '""친절해요""': 63}","['단체 이용 가능', '예약', '무선 인터넷']",False
야타이 쇼부,"{'""음식이 맛있어요""': 145, '""기본 안주가 좋아요""': 64, '""인테리어가 멋져요""': 62, '""술이 다양해요""': 57}","['생일 혜택', '콜키지 가능', '예약', '단체 이용 가능', '무선 인터넷']",False
감초통닭,"{'""음식이 맛있어요""': 71, '""친절해요""': 31, '""재료가 신선해요""': 23, '""가성비가 좋아요""': 23}","['테이크아웃 할인', '배달', '포장', '무선 인터넷', '예약', '대기공간']",False
그늘,"{'""음식이 맛있어요""': 715, '""술이 다양해요""': 388, '""인테리어가 멋져요""': 344, '""기본 안주가 좋아요""': 325}","['콜키지 가능', '단체 이용 가능', '무선 인터넷', '예약', '반려동물 동반']",False
지원,"{'""상품이 다양해요""': 58, '""친절해요""': 27, '""트렌디한 상품이 많아요""': 20, '""즉석조리 식품이 맛있어요""': 9}",['택배'],False
오소바텐,"{'""음식이 맛있어요""': 50, '""특별한 메뉴가 있어요""': 29, '""재료가 신선해요""': 23, '""친절해요""': 17}",['출입구 휠체어 이용가능'],False
디스,"{'""술이 다양해요""': 14, '""친절해요""': 13, '""음악이 좋아요""': 11, '""가성비가 좋아요""': 10}","['무선 인터넷', '남/녀 화장실 구분', '단체 이용 가능']",False
카페 위밋데얼,"{'""음료가 맛있어요""': 210, '""커피가 맛있어요""': 171, '""친절해요""': 170, '""디저트가 맛있어요""': 144}","['단체 이용 가능', '포장', '무선 인터넷', '반려동물 동반', '예약', '방문접수/출장']",False
개화당,"{'""음식이 맛있어요""': 115, '""술이 다양해요""': 67, '""음악이 좋아요""': 61, '""인테리어가 멋져요""': 56}","['반려동물 동반', '남/녀 화장실 구분', '단체 이용 가능']",False
로타리,"{'""음식이 맛있어요""': 96, '""친절해요""': 53, '""특별한 메뉴가 있어요""': 43, '""술이 다양해요""': 41}","['무선 인터넷', '남/녀 화장실 구분']",False
미지,"{'""음식이 맛있어요""': 524, '""친절해요""': 354, '""재료가 신선해요""': 260, '""특별한 날 가기 좋아요""': 250}","['생일 혜택', '콜키지 가능', '예약', '무선 인터넷', '단체 이용 가능']",False
401,"{'""음식이 맛있어요""': 176, '""친절해요""': 72, '""고기 질이 좋아요""': 52, '""매장이 넓어요""': 30}","['예약', '단체 이용 가능', '무선 인터넷', '남/녀 화장실 구분']",False
꽃게나라,"{'""음식이 맛있어요""': 155, '""재료가 신선해요""': 108, '""친절해요""': 95, '""양이 많아요""': 74}","['포장', '남/녀 화장실 구분', '무선 인터넷', '예약']",False
단디,"{'""음식이 맛있어요""': 317, '""인테리어가 멋져요""': 140, '""대화하기 좋아요""': 128, '""기본 안주가 좋아요""': 117}","['생일 혜택', '단체 이용 가능', '예약', '무선 인터넷', '대기공간']",False
해주방,"{'""음식이 맛있어요""': 113, '""재료가 신선해요""': 44, '""친절해요""': 37, '""혼밥하기 좋아요""': 32}",[],False
쏘시지요,"{'""음식이 맛있어요""': 151, '""가성비가 좋아요""': 117, '""인테리어가 멋져요""': 49, '""친절해요""': 46}","['단체 이용 가능', '예약', '무선 인터넷']",False
육전국밥 홍대점,"{'""음식이 맛있어요""': 319, '""양이 많아요""': 95, '""가성비가 좋아요""': 91, '""재료가 신선해요""': 86}","['단체 이용 가능', '포장', '배달', '무선 인터넷', '남/녀 화장실 구분']",False
와따분식 홍대점,"{'""음식이 맛있어요""': 213, '""재료가 신선해요""': 73, '""가성비가 좋아요""': 73, '""혼밥하기 좋아요""': 69}","['배달', '포장', '무선 인터넷']",False
너가술집사장,"{'""음식이 맛있어요""': 588, '""기본 안주가 좋아요""': 363, '""술이 다양해요""': 282, '""특별한 메뉴가 있어요""': 248}","['무선 인터넷', '남/녀 화장실 구분', '단체 이용 가능', '장애인 주차구역']",False
한월,"{'""음식이 맛있어요""': 195, '""술이 다양해요""': 133, '""특별한 메뉴가 있어요""': 109, '""인테리어가 멋져요""': 83}","['남/녀 화장실 구분', '반려동물 동반', '예약', '포장']",False
왔쏘 홍대점,"{'""음식이 맛있어요""': 88, '""가성비가 좋아요""': 67, '""친절해요""': 51, '""양이 많아요""': 37}","['무한 리필', '예약', '단체 이용 가능']",False
88야키토리,"{'""음식이 맛있어요""': 39, '""술이 다양해요""': 17, '""대화하기 좋아요""': 14, '""친절해요""': 12}","['단체 이용 가능', '예약']",False
김김포차,"{'""음식이 맛있어요""': 45, '""가성비가 좋아요""': 33, '""친절해요""': 24, '""특별한 메뉴가 있어요""': 21}","['무선 인터넷', '반려동물 동반', '예약', '단체 이용 가능']",False
미쉐,"{'""음료가 맛있어요""': 73, '""가성비가 좋아요""': 61, '""디저트가 맛있어요""': 58, '""커피가 맛있어요""': 42}","['포장', '배달']",False
석,"{'""음식이 맛있어요""': 695, '""양이 많아요""': 431, '""친절해요""': 339, '""특별한 메뉴가 있어요""': 319}","['단체 이용 가능', '예약', '무선 인터넷', '남/녀 화장실 구분', '포장']",False
황포25,"{'""음식이 맛있어요""': 115, '""친절해요""': 78, '""기본 안주가 좋아요""': 56, '""가성비가 좋아요""': 43}","['단체 이용 가능', '예약', '포장', '남/녀 화장실 구분', '무선 인터넷']",False
일편장어,"{'""음식이 맛있어요""': 128, '""재료가 신선해요""': 108, '""매장이 넓어요""': 71, '""친절해요""': 56}","['콜키지 가능', '생일 혜택', '단체 이용 가능', '예약', '무선 인터넷', '남/녀 화장실 구분', '대기공간', '출입구 휠체어 이용가능', '좌석 휠체어 이용가능']",False
청운,"{'""음식이 맛있어요""': 318, '""가성비가 좋아요""': 117, '""친절해요""': 114, '""양이 많아요""': 111}",[],False
철인7호,"{'""음식이 맛있어요""': 697, '""양이 많아요""': 345, '""친절해요""': 298, '""가성비가 좋아요""': 251}","['테이크아웃 할인', '예약', '포장', '배달', '무선 인터넷']",False
지하102호 5호점,"{'""음식이 맛있어요""': 343, '""인테리어가 멋져요""': 212, '""기본 안주가 좋아요""': 154, '""친절해요""': 149}","['생일 혜택', '콜키지 가능', '단체 이용 가능', '반려동물 동반', '남/녀 화장실 구분', '무선 인터넷', '예약']",False
길상양꼬치,"{'""음식이 맛있어요""': 63, '""고기 질이 좋아요""': 47, '""매장이 넓어요""': 31, '""친절해요""': 29}","['단체 이용 가능', '남/녀 화장실 구분', '대기공간', '포장', '예약']",False
무청감자탕 홍대점,"{'""음식이 맛있어요""': 35, '""양이 많아요""': 24, '""매장이 넓어요""': 21, '""재료가 신선해요""': 16}","['포장', '배달']",False
혼가츠,"{'""음식이 맛있어요""': 676, '""양이 많아요""': 223, '""가성비가 좋아요""': 213, '""친절해요""': 211}","['단체 이용 가능', '무선 인터넷', '남/녀 화장실 구분']",False
한상팔삼 우육미면,"{'""음식이 맛있어요""': 233, '""재료가 신선해요""': 114, '""친절해요""': 111, '""인테리어가 멋져요""': 96}","['글루텐프리 메뉴', '단체 이용 가능', '무선 인터넷']",False
파스토보이 마포점,"{'""음식이 맛있어요""': 101, '""친절해요""': 33, '""가성비가 좋아요""': 33, '""재료가 신선해요""': 21}",['포장'],False
열정의선창,"{'""술이 다양해요""': 72, '""특별한 메뉴가 있어요""': 63, '""인테리어가 멋져요""': 53, '""친절해요""': 53}",['생일 혜택'],True
숨은꼬치,"{'""음식이 맛있어요""': 128, '""고기 질이 좋아요""': 92, '""친절해요""': 61, '""직접 잘 구워줘요""': 51}","['콜키지 가능', '예약', '무선 인터넷', '단체 이용 가능']",False
간바레미나상,"{'""음식이 맛있어요""': 85, '""음악이 좋아요""': 51, '""인테리어가 멋져요""': 45, '""대화하기 좋아요""': 43}","['반려동물 동반', '예약', '단체 이용 가능', '대기공간']",False
힙하디,"{'""음악이 좋아요""': 103, '""술이 다양해요""': 84, '""인테리어가 멋져요""': 65, '""친절해요""': 40}","['단체 이용 가능', '예약']",False
동백상회 합정,"{'""음식이 맛있어요""': 351, '""기본 안주가 좋아요""': 146, '""친절해요""': 143, '""인테리어가 멋져요""': 142}","['콜키지 가능', '무선 인터넷', '단체 이용 가능', '포장', '예약']",False
우라난바,"{'""음식이 맛있어요""': 355, '""술이 다양해요""': 223, '""인테리어가 멋져요""': 176, '""친절해요""': 173}","['무선 인터넷', '예약', '단체 이용 가능', '반려동물 동반']",False
제이스피자,"{'""음식이 맛있어요""': 211, '""재료가 신선해요""': 146, '""인테리어가 멋져요""': 114, '""친절해요""': 108}","['포장', '무선 인터넷', '남/녀 화장실 구분']",False
한솥도시락 홍대서교점,"{'""음식이 맛있어요""': 93, '""가성비가 좋아요""': 62, '""재료가 신선해요""': 49, '""특별한 메뉴가 있어요""': 45}","['포장', '배달']",False
현우동 홍대,"{'""음식이 맛있어요""': 167, '""친절해요""': 84, '""특별한 메뉴가 있어요""': 72, '""혼밥하기 좋아요""': 61}","['남/녀 화장실 구분', '단체 이용 가능']",False
육현전 홍대직영점,"{'""음식이 맛있어요""': 717, '""고기 질이 좋아요""': 704, '""인테리어가 멋져요""': 363, '""친절해요""': 334}","['콜키지 가능', '콜키지 가능', '비건 메뉴', '단체 이용 가능', '무선 인터넷', '남/녀 화장실 구분', '예약']",False
언덕집,"{'""음식이 맛있어요""': 197, '""친절해요""': 106, '""음악이 좋아요""': 80, '""대화하기 좋아요""': 72}","['무선 인터넷', '단체 이용 가능']",False
무무,"{'""음식이 맛있어요""': 155, '""친절해요""': 59, '""재료가 신선해요""': 49, '""인테리어가 멋져요""': 46}","['콜키지 가능', '단체 이용 가능', '무선 인터넷', '남/녀 화장실 구분']",False
블랭크,"{'""음식이 맛있어요""': 377, '""음악이 좋아요""': 222, '""인테리어가 멋져요""': 175, '""대화하기 좋아요""': 112}","['남/녀 화장실 구분', '노키즈존']",False
우물집,"{'""음식이 맛있어요""': 403, '""인테리어가 멋져요""': 288, '""재료가 신선해요""': 246, '""특별한 메뉴가 있어요""': 190}","['단체 이용 가능', '포장', '예약', '무선 인터넷', '남/녀 화장실 구분']",False
박서교숙성회,"{'""음식이 맛있어요""': 268, '""재료가 신선해요""': 200, '""친절해요""': 123, '""가성비가 좋아요""': 63}",[],False
한본새 서교,"{'""음식이 맛있어요""': 373, '""재료가 신선해요""': 206, '""혼밥하기 좋아요""': 171, '""친절해요""': 146}","['남/녀 화장실 구분', '무선 인터넷', '포장', '단체 이용 가능']",False
대표분식,"{'""음식이 맛있어요""': 126, '""혼밥하기 좋아요""': 55, '""매장이 청결해요""': 45, '""재료가 신선해요""': 43}","['무선 인터넷', '남/녀 화장실 구분', '배달', '예약', '포장']",True
공간비틀즈,"{'""음악이 좋아요""': 25, '""음식이 맛있어요""': 15, '""친절해요""': 14, '""가성비가 좋아요""': 14}","['콜키지 가능', '무선 인터넷', '단체 이용 가능', '남/녀 화장실 구분']",False
한량,"{'""음식이 맛있어요""': 242, '""고기 질이 좋아요""': 241, '""친절해요""': 141, '""매장이 청결해요""': 83}","['단체 이용 가능', '예약']",False
오하이요,"{'""음식이 맛있어요""': 857, '""술이 다양해요""': 504, '""인테리어가 멋져요""': 434, '""가성비가 좋아요""': 427}",['무선 인터넷'],False
장모님 부대찌개,"{'""음식이 맛있어요""': 51, '""매장이 넓어요""': 40, '""친절해요""': 24, '""재료가 신선해요""': 20}","['단체 이용 가능', '예약', '남/녀 화장실 구분', '포장', '무선 인터넷', '출입구 휠체어 이용가능', '좌석 휠체어 이용가능']",False
술쑤시개,"{'""음식이 맛있어요""': 160, '""친절해요""': 83, '""인테리어가 멋져요""': 82, '""음악이 좋아요""': 66}","['유기농 메뉴', '반려동물 동반', '예약', '단체 이용 가능', '무선 인터넷', '대기공간']",False
홍대물갈비 홍대본점,"{'""음식이 맛있어요""': 924, '""고기 질이 좋아요""': 522, '""친절해요""': 481, '""양이 많아요""': 469}","['포장', '배달', '예약', '단체 이용 가능', '무선 인터넷']",False
모모유부,"{'""음식이 맛있어요""': 620, '""혼밥하기 좋아요""': 301, '""재료가 신선해요""': 227, '""친절해요""': 184}","['무선 인터넷', '배달', '포장', '방문접수/출장', '예약', '남/녀 화장실 구분', '단체 이용 가능']",False
상구네솥뚜껑삼겹살 홍대점,"{'""음식이 맛있어요""': 330, '""고기 질이 좋아요""': 247, '""친절해요""': 131, '""매장이 넓어요""': 117}","['콜키지 가능', '남/녀 화장실 구분', '무선 인터넷', '예약', '대기공간', '단체 이용 가능']",False
유알티,"{'""특별한 메뉴가 있어요""': 171, '""음식이 맛있어요""': 160, '""친절해요""': 120, '""디저트가 맛있어요""': 114}","['글루텐프리 메뉴', '비건 메뉴', '유기농 메뉴', '콜키지 가능', '포장', '반려동물 동반', '무선 인터넷', '유아의자', '단체 이용 가능', '예약', '배달', '출입구 휠체어 이용가능', '좌석 휠체어 이용가능']",False
신서울전,"{'""음식이 맛있어요""': 610, '""기본 안주가 좋아요""': 302, '""술이 다양해요""': 288, '""인테리어가 멋져요""': 251}",['생일 혜택'],False
대서리,"{'""음식이 맛있어요""': 306, '""고기 질이 좋아요""': 269, '""매장이 넓어요""': 203, '""특별한 메뉴가 있어요""': 113}","['단체 이용 가능', '남/녀 화장실 구분', '무선 인터넷']",False
데이원,"{'""커피가 맛있어요""': 43, '""디저트가 맛있어요""': 31, '""음료가 맛있어요""': 30, '""친절해요""': 24}",[],False
추파,"{'""음식이 맛있어요""': 141, '""인테리어가 멋져요""': 81, '""단체모임 하기 좋아요""': 71, '""매장이 넓어요""': 62}","['생일 혜택', '단체 이용 가능', '남/녀 화장실 구분']",False
슈퍼방구 홍대점,"{'""음식이 맛있어요""': 136, '""음악이 좋아요""': 57, '""인테리어가 멋져요""': 51, '""가성비가 좋아요""': 49}",[],False
만휘군상,"{'""음식이 맛있어요""': 96, '""술이 다양해요""': 77, '""특별한 메뉴가 있어요""': 62, '""인테리어가 멋져요""': 52}","['콜키지 가능', '예약', '단체 이용 가능', '무선 인터넷']",False
언플러그드,"{'""라이브공연이 훌륭해요""': 26, '""인테리어가 멋져요""': 23, '""친절해요""': 22, '""매장이 청결해요""': 17}","['테이크아웃 할인', '핸드드립', '비건 메뉴', '단체 이용 가능', '포장', '예약', '무선 인터넷', '남/녀 화장실 구분', '반려동물 동반']",False
무제,"{'""음식이 맛있어요""': 229, '""인테리어가 멋져요""': 153, '""특별한 메뉴가 있어요""': 107, '""술이 다양해요""': 102}","['콜키지 가능', '생일 혜택', '단체 이용 가능', '남/녀 화장실 구분', '예약', '무선 인터넷', '노키즈존']",False
선비다이닝,"{'""음식이 맛있어요""': 559, '""술이 다양해요""': 332, '""기본 안주가 좋아요""': 229, '""특별한 메뉴가 있어요""': 195}","['콜키지 가능', '단체 이용 가능', '무선 인터넷', '대기공간', '예약', '노키즈존']",False
솥돈 홍대점,"{'""음식이 맛있어요""': 530, '""고기 질이 좋아요""': 464, '""친절해요""': 197, '""직접 잘 구워줘요""': 182}","['콜키지 가능', '단체 이용 가능', '무선 인터넷', '남/녀 화장실 구분']",False
밍키친,"{'""음식이 맛있어요""': 43, '""가성비가 좋아요""': 24, '""친절해요""': 18, '""기본 안주가 좋아요""': 16}","['콜키지 가능', '단체 이용 가능', '포장', '무선 인터넷', '예약']",True
불간짬뽕,"{'""음식이 맛있어요""': 348, '""재료가 신선해요""': 176, '""양이 많아요""': 156, '""친절해요""': 121}","['무한 리필', '포장', '무선 인터넷', '단체 이용 가능', '예약', '유아의자', '배달']",False
우미토부,"{'""음식이 맛있어요""': 58, '""재료가 신선해요""': 36, '""특별한 메뉴가 있어요""': 29, '""혼밥하기 좋아요""': 25}",['무선 인터넷'],False
소담촌,"{'""음식이 맛있어요""': 183, '""재료가 신선해요""': 139, '""양이 많아요""': 78, '""가성비가 좋아요""': 77}",['무한 리필'],True
타코베이커,"{'""음식이 맛있어요""': 59, '""친절해요""': 29, '""재료가 신선해요""': 27, '""인테리어가 멋져요""': 27}",[],False
주락간,"{'""음식이 맛있어요""': 253, '""기본 안주가 좋아요""': 167, '""친절해요""': 114, '""인테리어가 멋져요""': 112}","['생일 혜택', '단체 이용 가능', '무선 인터넷', '예약']",False
우리동네연탄고기,"{'""음식이 맛있어요""': 168, '""친절해요""': 110, '""매장이 청결해요""': 87, '""재료가 신선해요""': 73}","['무선 인터넷', '남/녀 화장실 구분', '단체 이용 가능', '예약']",False
주도,"{'""음식이 맛있어요""': 147, '""인테리어가 멋져요""': 79, '""친절해요""': 65, '""대화하기 좋아요""': 59}","['생일 혜택', '단체 이용 가능', '예약', '포장', '무선 인터넷', '남/녀 화장실 구분']",False
나스 서교,"{'""음식이 맛있어요""': 108, '""친절해요""': 54, '""특별한 메뉴가 있어요""': 54, '""술이 다양해요""': 45}","['콜키지 가능', '단체 이용 가능', '반려동물 동반', '예약']",True
불막열삼 합정점,"{'""음식이 맛있어요""': 220, '""고기 질이 좋아요""': 177, '""친절해요""': 120, '""가성비가 좋아요""': 86}","['글루텐프리 메뉴', '콜키지 가능', '예약', '무선 인터넷', '남/녀 화장실 구분', '단체 이용 가능']",False
육전국밥 서교점,"{'""음식이 맛있어요""': 202, '""매장이 넓어요""': 68, '""혼밥하기 좋아요""': 61, '""재료가 신선해요""': 53}","['포장', '단체 이용 가능', '예약', '남/녀 화장실 구분']",True
오성국수,"{'""음식이 맛있어요""': 99, '""혼밥하기 좋아요""': 53, '""재료가 신선해요""': 52, '""친절해요""': 51}","['비건 메뉴', '포장', '무선 인터넷', '대기공간', '단체 이용 가능']",False
이크,"{'""음식이 맛있어요""': 179, '""인테리어가 멋져요""': 113, '""친절해요""': 97, '""특별한 메뉴가 있어요""': 83}","['콜키지 가능', '콜키지 가능', '단체 이용 가능', '무선 인터넷', '예약']",False
무제 홍대점,"{'""음식이 맛있어요""': 127, '""인테리어가 멋져요""': 90, '""음악이 좋아요""': 69, '""특별한 메뉴가 있어요""': 63}","['생일 혜택', '콜키지 가능', '단체 이용 가능', '무선 인터넷', '남/녀 화장실 구분', '노키즈존', '예약', '반려동물 동반']",True
톤토로,"{'""음식이 맛있어요""': 84, '""인테리어가 멋져요""': 69, '""특별한 메뉴가 있어요""': 38, '""친절해요""': 27}","['콜키지 가능', '무선 인터넷', '남/녀 화장실 구분', '단체 이용 가능']",False
돼동여지도,"{'""음식이 맛있어요""': 152, '""고기 질이 좋아요""': 123, '""양이 많아요""': 62, '""가성비가 좋아요""': 59}","['단체 이용 가능', '예약', '무선 인터넷']",False
홍대하녹,"{'""음식이 맛있어요""': 94, '""친절해요""': 64, '""인테리어가 멋져요""': 62, '""특별한 메뉴가 있어요""': 55}","['글루텐프리 메뉴', '포장', '배달', '방문접수/출장', '예약', '단체 이용 가능', '무선 인터넷', '남/녀 화장실 구분', '대기공간']",False
목벌,"{'""음식이 맛있어요""': 40, '""고기 질이 좋아요""': 32, '""인테리어가 멋져요""': 23, '""친절해요""': 16}","['콜키지 가능', '생일 혜택', '단체 이용 가능', '예약', '무선 인터넷', '대기공간', '출입구 휠체어 이용가능']",False
안목가돈,"{'""음식이 맛있어요""': 180, '""고기 질이 좋아요""': 164, '""인테리어가 멋져요""': 102, '""친절해요""': 58}","['콜키지 가능', '단체 이용 가능', '무선 인터넷', '예약', '남/녀 화장실 구분', '대기공간']",False
홍대맛집 해삼,"{'""음식이 맛있어요""': 88, '""양이 많아요""': 73, '""재료가 신선해요""': 59, '""가성비가 좋아요""': 55}",[],False
담택,"{'""음식이 맛있어요""': 846, '""특별한 메뉴가 있어요""': 375, '""혼밥하기 좋아요""': 334, '""친절해요""': 269}",[],False
스시이안앤 홍대입구역점,"{'""음식이 맛있어요""': 51, '""가성비가 좋아요""': 33, '""재료가 신선해요""': 30, '""친절해요""': 21}","['단체 이용 가능', '방문접수/출장', '예약', '남/녀 화장실 구분', '무선 인터넷']",True
오로시,"{'""음식이 맛있어요""': 419, '""인테리어가 멋져요""': 227, '""특별한 메뉴가 있어요""': 208, '""친절해요""': 184}","['생일 혜택', '콜키지 가능', '단체 이용 가능', '예약', '무선 인터넷', '포장', '배달']",False
한라맥주 합정점,"{'""음식이 맛있어요""': 291, '""기본 안주가 좋아요""': 181, '""술이 다양해요""': 120, '""인테리어가 멋져요""': 104}","['단체 이용 가능', '예약', '남/녀 화장실 구분', '대기공간', '무선 인터넷']",False
바코주막,"{'""음식이 맛있어요""': 230, '""특별한 메뉴가 있어요""': 112, '""기본 안주가 좋아요""': 101, '""인테리어가 멋져요""': 88}","['단체 이용 가능', '예약', '반려동물 동반', '남/녀 화장실 구분', '무선 인터넷']",True
구복만두 홍대합정본사직영점,"{'""음식이 맛있어요""': 321, '""친절해요""': 164, '""혼밥하기 좋아요""': 145, '""재료가 신선해요""': 141}","['포장', '배달', '남/녀 화장실 구분', '무선 인터넷', '장애인 휠체어 이용가능']",True
오므상칼칼데스 합정본점,"{'""음식이 맛있어요""': 455, '""양이 많아요""': 236, '""인테리어가 멋져요""': 217, '""재료가 신선해요""': 151}","['콜키지 가능', '무한 리필', '포장', '무선 인터넷', '남/녀 화장실 구분', '단체 이용 가능', '출입구 휠체어 이용가능']",False
도란도란,"{'""음식이 맛있어요""': 376, '""아늑해요""': 281, '""컨셉이 독특해요""': 262, '""인테리어가 멋져요""': 242}","['포장', '예약']",False
록집,"{'""인테리어가 멋져요""': 46, '""커피가 맛있어요""': 36, '""디저트가 맛있어요""': 26, '""음료가 맛있어요""': 24}","['테이크아웃 할인', '생일 혜택', '단체 이용 가능', '무선 인터넷', '포장', '반려동물 동반']",False
재지패티,"{'""음식이 맛있어요""': 227, '""재료가 신선해요""': 116, '""친절해요""': 88, '""혼밥하기 좋아요""': 84}","['배달', '포장', '무선 인터넷']",False
역전우동0410 망원역점,"{'""음식이 맛있어요""': 78, '""가성비가 좋아요""': 52, '""혼밥하기 좋아요""': 44, '""재료가 신선해요""': 34}",[],False
이자카야 고도리,"{'""음식이 맛있어요""': 150, '""술이 다양해요""': 113, '""인테리어가 멋져요""': 99, '""특별한 메뉴가 있어요""': 65}","['단체 이용 가능', '예약', '무선 인터넷', '남/녀 화장실 구분', '출입구 휠체어 이용가능', '좌석 휠체어 이용가능']",False
카가와,"{'""음식이 맛있어요""': 319, '""재료가 신선해요""': 141, '""친절해요""': 118, '""양이 많아요""': 106}","['비건 메뉴', '무한 리필', '유기농 메뉴', '단체 이용 가능', '포장', '배달', '무선 인터넷', '예약', '대기공간', '반려동물 동반', '좌석 휠체어 이용가능']",True
면식당 홍익대점,"{'""음식이 맛있어요""': 509, '""혼밥하기 좋아요""': 236, '""매장이 넓어요""': 235, '""양이 많아요""': 223}","['글루텐프리 메뉴', '단체 이용 가능', '포장', '배달', '예약', '무선 인터넷']",False
서부청기와감자탕 망원역점,"{'""음식이 맛있어요""': 137, '""양이 많아요""': 76, '""재료가 신선해요""': 67, '""매장이 넓어요""': 57}","['무한 리필', '단체 이용 가능', '포장', '방문접수/출장', '무선 인터넷', '남/녀 화장실 구분', '대기공간']",False
멘타쿠,"{'""음식이 맛있어요""': 145, '""혼밥하기 좋아요""': 79, '""특별한 메뉴가 있어요""': 73, '""재료가 신선해요""': 58}",[],False
온복비빔국수,"{'""음식이 맛있어요""': 310, '""혼밥하기 좋아요""': 141, '""양이 많아요""': 130, '""재료가 신선해요""': 126}","['포장', '배달', '남/녀 화장실 구분']",True
잔향,"{'""음식이 맛있어요""': 55, '""친절해요""': 34, '""대화하기 좋아요""': 32, '""인테리어가 멋져요""': 31}","['무선 인터넷', '단체 이용 가능', '예약']",False
태초갈비,"{'""음식이 맛있어요""': 40, '""고기 질이 좋아요""': 35, '""친절해요""': 22, '""인테리어가 멋져요""': 18}","['단체 이용 가능', '무선 인터넷', '남/녀 화장실 구분', '대기공간', '예약']",False
프레퍼스 다이어트 푸드 홍대직영점,"{'""음식이 맛있어요""': 654, '""재료가 신선해요""': 550, '""혼밥하기 좋아요""': 277, '""매장이 넓어요""': 251}",[],False
헬로팬 홍대점,"{'""음식이 맛있어요""': 52, '""친절해요""': 33, '""양이 많아요""': 24, '""고기 질이 좋아요""': 19}","['콜키지 가능', '생일 혜택', '테이크아웃 할인', '포장', '배달', '무선 인터넷']",False
에이셉피자 홍대점,"{'""음식이 맛있어요""': 349, '""인테리어가 멋져요""': 279, '""특별한 메뉴가 있어요""': 169, '""친절해요""': 141}","['포장', '배달', '단체 이용 가능', '무선 인터넷', '예약']",False
황금복돼지,"{'""음식이 맛있어요""': 178, '""가성비가 좋아요""': 122, '""양이 많아요""': 100, '""친절해요""': 87}","['예약', '단체 이용 가능', '무선 인터넷', '배달', '포장']",False
안트로,"{'""음식이 맛있어요""': 96, '""친절해요""': 62, '""재료가 신선해요""': 53, '""현지 맛에 가까워요""': 49}","['무선 인터넷', '예약', '배달', '포장']",False
성립,"{'""음식이 맛있어요""': 81, '""친절해요""': 50, '""술이 다양해요""': 45, '""특별한 메뉴가 있어요""': 32}","['콜키지 가능', '예약', '단체 이용 가능', '무선 인터넷']",True
넨네,"{'""음식이 맛있어요""': 107, '""가성비가 좋아요""': 61, '""혼술하기 좋아요""': 51, '""친절해요""': 50}","['콜키지 가능', '반려동물 동반', '노키즈존']",False
송가네정육식당,"{'""음식이 맛있어요""': 110, '""고기 질이 좋아요""': 54, '""친절해요""': 41, '""양이 많아요""': 27}",[],False
오제키,"{'""음식이 맛있어요""': 191, '""친절해요""': 107, '""가성비가 좋아요""': 71, '""대화하기 좋아요""': 68}","['단체 이용 가능', '예약', '무선 인터넷', '남/녀 화장실 구분']",False
블루먼데이,"{'""음악이 좋아요""': 35, '""친절해요""': 20, '""술이 다양해요""': 18, '""대화하기 좋아요""': 17}","['무선 인터넷', '단체 이용 가능', '예약']",False
티퍼프,"{'""친절해요""': 34, '""음식이 맛있어요""': 14, '""인테리어가 멋져요""': 13, '""매장이 청결해요""': 12}",[],False
서울미트볼,"{'""음식이 맛있어요""': 394, '""양이 많아요""': 149, '""가성비가 좋아요""': 119, '""특별한 메뉴가 있어요""': 112}","['단체 이용 가능', '포장', '무선 인터넷']",False
호요 홍대점,"{'""음식이 맛있어요""': 359, '""친절해요""': 229, '""술이 다양해요""': 189, '""인테리어가 멋져요""': 163}",['남/녀 화장실 구분'],False
고엔,"{'""음식이 맛있어요""': 105, '""친절해요""': 58, '""술이 다양해요""': 54, '""인테리어가 멋져요""': 49}","['콜키지 가능', '단체 이용 가능', '예약', '무선 인터넷']",False
한성짬뽕,"{'""음식이 맛있어요""': 161, '""양이 많아요""': 107, '""친절해요""': 77, '""재료가 신선해요""': 70}","['콜키지 가능', '무선 인터넷', '남/녀 화장실 구분', '포장', '배달']",False
대동,"{'""음식이 맛있어요""': 120, '""대화하기 좋아요""': 77, '""인테리어가 멋져요""': 60, '""친절해요""': 54}","['콜키지 가능', '예약', '단체 이용 가능', '무선 인터넷', '남/녀 화장실 구분', '노키즈존', '대기공간']",False
퍼블릭,"{'""인테리어가 멋져요""': 30, '""친절해요""': 29, '""음식이 맛있어요""': 19, '""특별한 메뉴가 있어요""': 16}",['단체 이용 가능'],False
이츠야,"{'""음식이 맛있어요""': 128, '""고기 질이 좋아요""': 103, '""친절해요""': 86, '""재료가 신선해요""': 69}","['무선 인터넷', '단체 이용 가능', '포장']",False
바다애,"{'""음식이 맛있어요""': 165, '""재료가 신선해요""': 116, '""친절해요""': 54, '""양이 많아요""': 54}","['포장', '남/녀 화장실 구분', '배달', '무선 인터넷']",False
테즈쿠리,"{'""음식이 맛있어요""': 440, '""양이 많아요""': 319, '""매장이 넓어요""': 297, '""인테리어가 멋져요""': 209}","['단체 이용 가능', '포장', '예약', '무선 인터넷', '남/녀 화장실 구분', '배달']",False
데스페라도,"{'""술이 다양해요""': 75, '""음식이 맛있어요""': 60, '""음악이 좋아요""': 40, '""친절해요""': 32}","['남/녀 화장실 구분', '무선 인터넷', '대기공간', '단체 이용 가능', '포장', '배달', '예약']",False
지하102호 3호점,"{'""음식이 맛있어요""': 130, '""친절해요""': 68, '""기본 안주가 좋아요""': 52, '""술이 다양해요""': 51}","['콜키지 가능', '생일 혜택', '반려동물 동반', '예약', '단체 이용 가능', '무선 인터넷']",True
해정집,"{'""음식이 맛있어요""': 435, '""인테리어가 멋져요""': 222, '""재료가 신선해요""': 208, '""친절해요""': 147}","['콜키지 가능', '단체 이용 가능', '예약', '무선 인터넷', '남/녀 화장실 구분', '포장', '장애인 주차구역']",False
장미장,"{'""음식이 맛있어요""': 44, '""기본 안주가 좋아요""': 25, '""음악이 좋아요""': 24, '""대화하기 좋아요""': 20}","['단체 이용 가능', '예약', '무선 인터넷', '남/녀 화장실 구분']",False
더6회,"{'""음식이 맛있어요""': 170, '""재료가 신선해요""': 143, '""친절해요""': 106, '""매장이 청결해요""': 89}","['생일 혜택', '포장', '배달']",False
훌리건,"{'""인테리어가 멋져요""': 414, '""디저트가 맛있어요""': 393, '""커피가 맛있어요""': 383, '""친절해요""': 311}","['테이크아웃 할인', '단체 이용 가능', '무선 인터넷', '남/녀 화장실 구분', '포장', '반려동물 동반']",False
잡을손,"{'""음식이 맛있어요""': 133, '""재료가 신선해요""': 76, '""특별한 메뉴가 있어요""': 71, '""친절해요""': 66}","['콜키지 가능', '무선 인터넷', '예약', '단체 이용 가능', '포장']",False
샤브로21 서교,"{'""음식이 맛있어요""': 325, '""가성비가 좋아요""': 211, '""혼밥하기 좋아요""': 197, '""재료가 신선해요""': 153}","['남/녀 화장실 구분', '무선 인터넷', '대기공간']",False
먼로,"{'""음료가 맛있어요""': 24, '""인테리어가 멋져요""': 23, '""디저트가 맛있어요""': 21, '""친절해요""': 20}","['포장', '무선 인터넷']",False
킹케밥,"{'""음식이 맛있어요""': 181, '""친절해요""': 79, '""매장이 넓어요""': 76, '""특별한 메뉴가 있어요""': 74}","['단체 이용 가능', '포장', '배달', '방문접수/출장', '무선 인터넷', '남/녀 화장실 구분']",False
타오,"{'""음식이 맛있어요""': 333, '""재료가 신선해요""': 165, '""친절해요""': 140, '""매장이 청결해요""': 120}","['포장', '무선 인터넷', '반려동물 동반']",False
88노가리 합정점,"{'""음식이 맛있어요""': 68, '""가성비가 좋아요""': 60, '""친절해요""': 54, '""기본 안주가 좋아요""': 31}",['생일 혜택'],False
비밥,"{'""음식이 맛있어요""': 162, '""재료가 신선해요""': 121, '""가성비가 좋아요""': 106, '""혼밥하기 좋아요""': 84}","['비건 메뉴', '포장']",False
스아게 K,"{'""음식이 맛있어요""': 795, '""특별한 메뉴가 있어요""': 419, '""재료가 신선해요""': 222, '""혼밥하기 좋아요""': 187}","['무선 인터넷', '남/녀 화장실 구분', '포장', '배달']",False
바코포차,"{'""음식이 맛있어요""': 138, '""기본 안주가 좋아요""': 44, '""단체모임 하기 좋아요""': 43, '""가성비가 좋아요""': 38}","['단체 이용 가능', '예약', '무선 인터넷', '남/녀 화장실 구분', '반려동물 동반']",False
호계 합정본점,"{'""음식이 맛있어요""': 235, '""특별한 메뉴가 있어요""': 157, '""인테리어가 멋져요""': 141, '""친절해요""': 110}","['생일 혜택', '콜키지 가능', '포장', '예약', '무선 인터넷']",False
바다생고기,"{'""음식이 맛있어요""': 855, '""재료가 신선해요""': 567, '""양이 많아요""': 375, '""친절해요""': 328}","['예약', '무선 인터넷']",False
도적,"{'""음식이 맛있어요""': 774, '""고기 질이 좋아요""': 605, '""친절해요""': 268, '""양이 많아요""': 201}","['콜키지 가능', '예약', '단체 이용 가능', '무선 인터넷', '남/녀 화장실 구분']",True
김숙성 합정점,"{'""음식이 맛있어요""': 180, '""고기 질이 좋아요""': 169, '""친절해요""': 92, '""직접 잘 구워줘요""': 79}","['단체 이용 가능', '예약']",False
홍대족발,"{'""음식이 맛있어요""': 343, '""고기 질이 좋아요""': 151, '""양이 많아요""': 133, '""친절해요""': 98}","['단체 이용 가능', '무선 인터넷', '남/녀 화장실 구분', '포장']",False
피오리,"{'""음식이 맛있어요""': 503, '""친절해요""': 351, '""인테리어가 멋져요""': 269, '""특별한 메뉴가 있어요""': 247}","['콜키지 가능', '무선 인터넷', '예약']",False
꼬치록록,"{'""음식이 맛있어요""': 30, '""가성비가 좋아요""': 16, '""친절해요""': 14, '""인테리어가 멋져요""': 11}","['단체 이용 가능', '무선 인터넷', '남/녀 화장실 구분', '포장', '반려동물 동반', '출입구 휠체어 이용가능', '좌석 휠체어 이용가능']",False
라루즈,"{'""술이 다양해요""': 94, '""인테리어가 멋져요""': 77, '""음악이 좋아요""': 75, '""음식이 맛있어요""': 72}","['반려동물 동반', '남/녀 화장실 구분', '단체 이용 가능']",False
육산장,"{'""음식이 맛있어요""': 447, '""고기 질이 좋아요""': 340, '""인테리어가 멋져요""': 293, '""야외공간이 멋져요""': 144}","['생일 혜택', '단체 이용 가능', '예약', '무선 인터넷', '반려동물 동반']",True
북촌손만두 홍대로데오점,"{'""음식이 맛있어요""': 191, '""혼밥하기 좋아요""': 80, '""가성비가 좋아요""': 61, '""친절해요""': 56}","['예약', '포장', '배달', '무선 인터넷']",False
정든집,"{'""음식이 맛있어요""': 73, '""대화하기 좋아요""': 41, '""친절해요""': 38, '""혼술하기 좋아요""': 25}",[],False
뉴욕버거,"{'""음식이 맛있어요""': 160, '""가성비가 좋아요""': 77, '""재료가 신선해요""': 61, '""혼밥하기 좋아요""': 56}","['포장', '단체 이용 가능', '배달', '예약']",False
우미사치,"{'""음식이 맛있어요""': 186, '""재료가 신선해요""': 144, '""친절해요""': 74, '""특별한 메뉴가 있어요""': 69}","['콜키지 가능', '무선 인터넷', '단체 이용 가능', '예약', '포장']",False
히메시야,"{'""음식이 맛있어요""': 155, '""혼밥하기 좋아요""': 77, '""친절해요""': 67, '""재료가 신선해요""': 52}","['포장', '무선 인터넷', '남/녀 화장실 구분', '배달']",False
얼맥당 홍대카페거리점,"{'""음식이 맛있어요""': 211, '""가성비가 좋아요""': 183, '""기본 안주가 좋아요""': 144, '""친절해요""': 81}","['남/녀 화장실 구분', '포장', '무선 인터넷']",False
홍대씨부엉,"{'""음식이 맛있어요""': 473, '""특별한 메뉴가 있어요""': 244, '""친절해요""': 209, '""재료가 신선해요""': 133}","['단체 이용 가능', '무선 인터넷', '반려동물 동반', '포장']",False
더쿠포차,"{'""음식이 맛있어요""': 45, '""기본 안주가 좋아요""': 32, '""가성비가 좋아요""': 24, '""친절해요""': 19}","['무선 인터넷', '포장', '남/녀 화장실 구분', '예약']",False
들풀,"{'""음식이 맛있어요""': 461, '""재료가 신선해요""': 179, '""친절해요""': 172, '""매장이 청결해요""': 121}","['단체 이용 가능', '무선 인터넷', '예약', '포장', '배달', '남/녀 화장실 구분']",False
만월당 합정점,"{'""음식이 맛있어요""': 380, '""기본 안주가 좋아요""': 271, '""인테리어가 멋져요""': 152, '""술이 다양해요""': 128}","['남/녀 화장실 구분', '단체 이용 가능', '예약', '무선 인터넷', '대기공간']",False
오렌지,"{'""음식이 맛있어요""': 60, '""대화하기 좋아요""': 47, '""단체모임 하기 좋아요""': 35, '""오래 머무르기 좋아요""': 22}","['단체 이용 가능', '예약', '남/녀 화장실 구분']",False
터틀탭스,"{'""술이 다양해요""': 101, '""음식이 맛있어요""': 94, '""친절해요""': 51, '""인테리어가 멋져요""': 48}","['테이크아웃 할인', '반려동물 동반', '예약', '무선 인터넷']",False
더피자보이즈,"{'""음식이 맛있어요""': 194, '""친절해요""': 37, '""특별한 메뉴가 있어요""': 36, '""양이 많아요""': 31}","['단체 이용 가능', '포장', '무선 인터넷']",False
식신매운갈비찜,"{'""음식이 맛있어요""': 627, '""친절해요""': 291, '""양이 많아요""': 249, '""고기 질이 좋아요""': 181}","['콜키지 가능', '예약', '단체 이용 가능', '남/녀 화장실 구분', '무선 인터넷', '포장', '유아의자', '장애인 주차구역']",True
장독대,"{'""음식이 맛있어요""': 104, '""친절해요""': 56, '""재료가 신선해요""': 38, '""가성비가 좋아요""': 34}",[],False
모닭모닭,"{'""음식이 맛있어요""': 91, '""친절해요""': 30, '""가성비가 좋아요""': 27, '""특별한 메뉴가 있어요""': 24}","['단체 이용 가능', '포장', '무선 인터넷']",False
하랑,"{'""음식이 맛있어요""': 56, '""친절해요""': 25, '""가성비가 좋아요""': 16, '""대화하기 좋아요""': 13}","['반려동물 동반', '남/녀 화장실 구분', '무선 인터넷', '단체 이용 가능', '포장']",False
토리비,"{'""음식이 맛있어요""': 661, '""기본 안주가 좋아요""': 449, '""가성비가 좋아요""': 346, '""친절해요""': 252}","['콜키지 가능', '테이크아웃 할인', '남/녀 화장실 구분', '단체 이용 가능', '무선 인터넷', '포장', '예약']",True
두찜 홍대입구역점,"{'""음식이 맛있어요""': 209, '""양이 많아요""': 65, '""친절해요""': 39, '""가성비가 좋아요""': 35}","['배달', '포장', '예약']",True
나베공방,"{'""음식이 맛있어요""': 397, '""친절해요""': 264, '""대화하기 좋아요""': 173, '""특별한 메뉴가 있어요""': 165}",[],False
디껨,"{'""음식이 맛있어요""': 469, '""인테리어가 멋져요""': 398, '""친절해요""': 289, '""대화하기 좋아요""': 206}","['콜키지 가능', '생일 혜택', '와인 페어링', '무선 인터넷', '예약', '단체 이용 가능']",False
카츠하루 홍대점,"{'""음식이 맛있어요""': 64, '""가성비가 좋아요""': 32, '""재료가 신선해요""': 31, '""친절해요""': 26}",[],False
이담쌀롱,"{'""음식이 맛있어요""': 138, '""친절해요""': 68, '""대화하기 좋아요""': 48, '""특별한 메뉴가 있어요""': 36}","['예약', '무선 인터넷', '남/녀 화장실 구분', '단체 이용 가능']",False
시장냉면,"{'""음식이 맛있어요""': 236, '""친절해요""': 117, '""가성비가 좋아요""': 97, '""혼밥하기 좋아요""': 94}","['포장', '무선 인터넷']",False
금별맥주 홍대점,"{'""음식이 맛있어요""': 452, '""가성비가 좋아요""': 215, '""인테리어가 멋져요""': 192, '""친절해요""': 183}","['예약', '단체 이용 가능', '무선 인터넷', '남/녀 화장실 구분']",True
루디스,"{'""음식이 맛있어요""': 47, '""친절해요""': 40, '""인테리어가 멋져요""': 35, '""대화하기 좋아요""': 32}","['전문 소믈리에', '와인 페어링', '생일 혜택', '콜키지 가능', '테이크아웃 할인', '유기농 메뉴', '무선 인터넷', '남/녀 화장실 구분', '예약', '노키즈존']",False
오로촌,"{'""음식이 맛있어요""': 467, '""친절해요""': 229, '""가성비가 좋아요""': 208, '""특별한 메뉴가 있어요""': 161}","['콜키지 가능', '포장', '단체 이용 가능']",True
끼토,"{'""음식이 맛있어요""': 171, '""친절해요""': 103, '""대화하기 좋아요""': 70, '""혼술하기 좋아요""': 52}","['무선 인터넷', '노키즈존', '출입구 휠체어 이용가능', '좌석 휠체어 이용가능']",False
블랑루즈,"{'""음식이 맛있어요""': 439, '""대화하기 좋아요""': 285, '""친절해요""': 279, '""기본 안주가 좋아요""': 201}","['콜키지 가능', '와인 페어링', '콜키지 가능']",True
우규,"{'""음식이 맛있어요""': 763, '""친절해요""': 330, '""대화하기 좋아요""': 273, '""인테리어가 멋져요""': 257}","['남/녀 화장실 구분', '무선 인터넷', '포장']",False
이양권반상,"{'""음식이 맛있어요""': 849, '""양이 많아요""': 569, '""혼밥하기 좋아요""': 382, '""친절해요""': 352}","['포장', '배달', '무선 인터넷']",False
한국피자헛 홍대서교점,"{'""음식이 맛있어요""': 120, '""친절해요""': 32, '""재료가 신선해요""': 29, '""가성비가 좋아요""': 22}","['포장', '배달']",False
화담,"{'""음식이 맛있어요""': 280, '""친절해요""': 167, '""인테리어가 멋져요""': 121, '""특별한 메뉴가 있어요""': 106}","['콜키지 가능', '무선 인터넷', '단체 이용 가능', '예약']",False
또보겠지떡볶이집 깐따삐아점,"{'""음식이 맛있어요""': 625, '""친절해요""': 200, '""특별한 메뉴가 있어요""': 131, '""가성비가 좋아요""': 130}",['포장'],False
카페 꼬모,"{'""음료가 맛있어요""': 134, '""커피가 맛있어요""': 128, '""친절해요""': 114, '""디저트가 맛있어요""': 109}","['포장', '예약', '반려동물 동반']",False
카페 라스플라미아,"{'""친절해요""': 92, '""인테리어가 멋져요""': 89, '""음식이 맛있어요""': 88, '""특별한 메뉴가 있어요""': 64}","['무선 인터넷', '단체 이용 가능', '예약']",False
이모네,"{'""음식이 맛있어요""': 94, '""양이 많아요""': 37, '""친절해요""': 27, '""혼밥하기 좋아요""': 25}",[],False
다트플렉스,"{'""친절해요""': 107, '""음식이 맛있어요""': 94, '""인테리어가 멋져요""': 79, '""단체모임 하기 좋아요""': 65}","['포장', '배달', '남/녀 화장실 구분', '무선 인터넷']",False
금별맥주 홍대입구역점,"{'""인테리어가 멋져요""': 36, '""술이 다양해요""': 33, '""음식이 맛있어요""': 33, '""친절해요""': 30}","['단체 이용 가능', '무선 인터넷', '남/녀 화장실 구분']",False
모이정,"{'""음식이 맛있어요""': 61, '""친절해요""': 38, '""기본 안주가 좋아요""': 30, '""대화하기 좋아요""': 23}","['콜키지 가능', '생일 혜택', '무선 인터넷', '반려동물 동반', '남/녀 화장실 구분', '단체 이용 가능', '포장']",False
제이케이,"{'""음식이 맛있어요""': 392, '""술이 다양해요""': 271, '""친절해요""': 227, '""인테리어가 멋져요""': 156}","['콜키지 가능', '생일 혜택', '단체 이용 가능', '반려동물 동반', '예약', '장애인 휠체어 이용가능', '출입구 휠체어 이용가능']",True
모모유부 홍대,"{'""음식이 맛있어요""': 620, '""혼밥하기 좋아요""': 301, '""재료가 신선해요""': 227, '""친절해요""': 184}","['무선 인터넷', '배달', '포장', '방문접수/출장', '예약', '남/녀 화장실 구분', '단체 이용 가능']",False
3일한우국밥,"{'""음식이 맛있어요""': 299, '""혼밥하기 좋아요""': 123, '""친절해요""': 83, '""양이 많아요""': 73}","['단체 이용 가능', '포장', '배달', '방문접수/출장', '무선 인터넷']",False
마포구이마당 서교직영점,"{'""음식이 맛있어요""': 165, '""고기 질이 좋아요""': 90, '""친절해요""': 85, '""양이 많아요""': 69}","['예약', '남/녀 화장실 구분', '단체 이용 가능', '무선 인터넷', '유아의자']",True
서오릉피자 서교점,"{'""음식이 맛있어요""': 398, '""재료가 신선해요""': 235, '""가성비가 좋아요""': 228, '""친절해요""': 215}","['배달', '예약', '포장', '남/녀 화장실 구분', '무선 인터넷']",False
장수멸치국수,"{'""음식이 맛있어요""': 186, '""가성비가 좋아요""': 77, '""혼밥하기 좋아요""': 68, '""양이 많아요""': 64}",[],False
포리포리텐진,"{'""음식이 맛있어요""': 167, '""가성비가 좋아요""': 120, '""대화하기 좋아요""': 70, '""친절해요""': 69}",[],False
영빈,"{'""음식이 맛있어요""': 161, '""친절해요""': 58, '""가성비가 좋아요""': 50, '""양이 많아요""': 41}","['단체 이용 가능', '배달']",False
어리라운지,"{'""술이 다양해요""': 188, '""음식이 맛있어요""': 131, '""인테리어가 멋져요""': 116, '""친절해요""': 91}","['무선 인터넷', '단체 이용 가능', '예약']",False
한합,"{'""음식이 맛있어요""': 160, '""술이 다양해요""': 112, '""인테리어가 멋져요""': 86, '""특별한 메뉴가 있어요""': 80}","['콜키지 가능', '생일 혜택', '와인 페어링', '단체 이용 가능', '무선 인터넷', '예약', '노키즈존']",False
청기와타운,"{'""음식이 맛있어요""': 804, '""고기 질이 좋아요""': 390, '""친절해요""': 369, '""매장이 넓어요""': 238}","['콜키지 가능', '콜키지 가능', '생일 혜택', '단체 이용 가능', '포장', '예약', '무선 인터넷', '남/녀 화장실 구분', '유아의자', '좌석 휠체어 이용가능']",False
몽그로페페,"{'""음식이 맛있어요""': 30, '""친절해요""': 18, '""재료가 신선해요""': 15, '""특별한 메뉴가 있어요""': 15}","['와인 페어링', '콜키지 가능', '남/녀 화장실 구분', '단체 이용 가능', '무선 인터넷', '포장', '예약']",False
서교가든숯불갈비,"{'""음식이 맛있어요""': 168, '""친절해요""': 50, '""재료가 신선해요""': 46, '""가성비가 좋아요""': 34}",[],False
무니,"{'""음식이 맛있어요""': 46, '""특별한 메뉴가 있어요""': 25, '""친절해요""': 23, '""대화하기 좋아요""': 20}","['예약', '무선 인터넷']",False
토끼정,"{'""음식이 맛있어요""': 686, '""친절해요""': 329, '""양이 많아요""': 232, '""특별한 메뉴가 있어요""': 221}",['예약'],False
최고집,"{'""음식이 맛있어요""': 399, '""고기 질이 좋아요""': 335, '""친절해요""': 161, '""양이 많아요""': 159}",[],False
달빛소굴,"{'""음식이 맛있어요""': 46, '""친절해요""': 35, '""가성비가 좋아요""': 33, '""단체모임 하기 좋아요""': 30}",[],False
허밍벨라,"{'""디저트가 맛있어요""': 351, '""커피가 맛있어요""': 278, '""인테리어가 멋져요""': 275, '""음료가 맛있어요""': 172}",['테이크아웃 할인'],True
탐탐오향족발,"{'""음식이 맛있어요""': 246, '""친절해요""': 99, '""고기 질이 좋아요""': 74, '""양이 많아요""': 69}","['예약', '단체 이용 가능', '포장', '배달', '무선 인터넷', '남/녀 화장실 구분']",False
천사곱창,"{'""음식이 맛있어요""': 189, '""친절해요""': 97, '""가성비가 좋아요""': 39, '""양이 많아요""': 35}",['포장'],False
빼레,"{'""음식이 맛있어요""': 78, '""특별한 메뉴가 있어요""': 48, '""친절해요""': 34, '""대화하기 좋아요""': 30}","['콜키지 가능', '예약', '단체 이용 가능', '포장', '무선 인터넷', '출입구 휠체어 이용가능', '좌석 휠체어 이용가능']",False
누바,"{'""술이 다양해요""': 40, '""음식이 맛있어요""': 16, '""인테리어가 멋져요""': 16, '""친절해요""': 16}","['무선 인터넷', '예약']",False
키즈나,"{'""음식이 맛있어요""': 204, '""대화하기 좋아요""': 89, '""기본 안주가 좋아요""': 80, '""인테리어가 멋져요""': 67}","['예약', '단체 이용 가능']",False
옥탑방 부엉이,"{'""음악이 좋아요""': 23, '""음식이 맛있어요""': 17, '""친절해요""': 17, '""인테리어가 멋져요""': 7}","['예약', '단체 이용 가능', '포장', '무선 인터넷']",False
탐탐오향족발2,"{'""음식이 맛있어요""': 246, '""친절해요""': 99, '""고기 질이 좋아요""': 74, '""양이 많아요""': 69}","['예약', '단체 이용 가능', '포장', '배달', '무선 인터넷', '남/녀 화장실 구분']",False
무쇠김치삼겹,"{'""음식이 맛있어요""': 528, '""매장이 넓어요""': 167, '""친절해요""': 146, '""고기 질이 좋아요""': 139}","['단체 이용 가능', '무선 인터넷', '대기공간', '남/녀 화장실 구분']",False
아씨시,"{'""음식이 맛있어요""': 592, '""친절해요""': 333, '""인테리어가 멋져요""': 312, '""재료가 신선해요""': 282}","['콜키지 가능', '콜키지 가능', '와인 페어링', '무선 인터넷', '예약', '단체 이용 가능']",False
섬마을,"{'""음식이 맛있어요""': 96, '""재료가 신선해요""': 55, '""양이 많아요""': 50, '""가성비가 좋아요""': 39}","['포장', '무선 인터넷']",False
아초바,"{'""술이 다양해요""': 519, '""친절해요""': 346, '""대화하기 좋아요""': 299, '""특별한 메뉴가 있어요""': 279}","['와인 페어링', '전문 소믈리에', '생일 혜택', '무선 인터넷', '예약', '단체 이용 가능', '남/녀 화장실 구분']",False
와인어클락,"{'""인테리어가 멋져요""': 57, '""술이 다양해요""': 48, '""친절해요""': 43, '""음식이 맛있어요""': 35}","['전문 소믈리에', '테이크아웃 할인', '예약', '무선 인터넷', '포장', '단체 이용 가능']",False
시골순대,"{'""음식이 맛있어요""': 270, '""양이 많아요""': 107, '""혼밥하기 좋아요""': 88, '""매장이 넓어요""': 70}",[],False
육향,"{'""음식이 맛있어요""': 59, '""친절해요""': 17, '""재료가 신선해요""': 11, '""특별한 메뉴가 있어요""': 11}","['단체 이용 가능', '포장']",False
주문포차,"{'""음식이 맛있어요""': 40, '""친절해요""': 23, '""대화하기 좋아요""': 19, '""음악이 좋아요""': 16}","['예약', '무선 인터넷', '단체 이용 가능']",False
홍대 수족관,"{'""음식이 맛있어요""': 31, '""재료가 신선해요""': 21, '""친절해요""': 15, '""특별한 메뉴가 있어요""': 8}","['콜키지 가능', '단체 이용 가능', '예약', '무선 인터넷', '포장', '방문접수/출장', '남/녀 화장실 구분']",False
주식회사로켓치킨,"{'""음식이 맛있어요""': 140, '""매장이 넓어요""': 74, '""단체모임 하기 좋아요""': 62, '""친절해요""': 41}","['예약', '단체 이용 가능', '포장', '무선 인터넷', '남/녀 화장실 구분', '노키즈존']",False
항방양꼬치,"{'""음식이 맛있어요""': 102, '""친절해요""': 51, '""고기 질이 좋아요""': 20, '""특별한 메뉴가 있어요""': 18}",['남/녀 화장실 구분'],False
바다포차,"{'""음식이 맛있어요""': 85, '""친절해요""': 41, '""대화하기 좋아요""': 27, '""기본 안주가 좋아요""': 26}","['콜키지 가능', '포장', '단체 이용 가능', '배달', '예약', '남/녀 화장실 구분']",False
돈나무,"{'""음식이 맛있어요""': 58, '""친절해요""': 32, '""양이 많아요""': 29, '""고기 질이 좋아요""': 25}","['콜키지 가능', '와인 페어링', '예약', '무선 인터넷', '포장', '단체 이용 가능', '남/녀 화장실 구분', '반려동물 동반']",False
곱창전골,"{'""음악이 좋아요""': 73, '""인테리어가 멋져요""': 26, '""술이 다양해요""': 21, '""음식이 맛있어요""': 20}",[],False
해정집,"{'""음식이 맛있어요""': 435, '""인테리어가 멋져요""': 222, '""재료가 신선해요""': 208, '""친절해요""': 147}","['콜키지 가능', '단체 이용 가능', '예약', '무선 인터넷', '남/녀 화장실 구분', '포장', '장애인 주차구역']",False
그남자의볶음밥,"{'""음식이 맛있어요""': 302, '""양이 많아요""': 168, '""가성비가 좋아요""': 145, '""혼밥하기 좋아요""': 104}","['테이크아웃 할인', '비건 메뉴', '포장', '무선 인터넷', '배달']",False
더파이브올스,"{'""술이 다양해요""': 126, '""음식이 맛있어요""': 116, '""가성비가 좋아요""': 83, '""친절해요""': 59}",[],False
물고기초밥,"{'""음식이 맛있어요""': 487, '""재료가 신선해요""': 295, '""친절해요""': 165, '""혼밥하기 좋아요""': 92}","['포장', '무선 인터넷', '단체 이용 가능']",False
설맥 홍대서교점,"{'""음식이 맛있어요""': 56, '""가성비가 좋아요""': 36, '""단체모임 하기 좋아요""': 34, '""대화하기 좋아요""': 21}","['예약', '무선 인터넷', '포장', '단체 이용 가능']",False
통통돼지,"{'""음식이 맛있어요""': 196, '""친절해요""': 64, '""고기 질이 좋아요""': 56, '""가성비가 좋아요""': 50}","['콜키지 가능', '단체 이용 가능', '예약', '남/녀 화장실 구분', '무선 인터넷', '포장', '유아의자', '대기공간', '출입구 휠체어 이용가능', '좌석 휠체어 이용가능']",False
황소곱창,"{'""음식이 맛있어요""': 663, '""고기 질이 좋아요""': 340, '""친절해요""': 245, '""매장이 넓어요""': 181}","['단체 이용 가능', '무선 인터넷', '예약']",False
아리랑,"{'""음식이 맛있어요""': 359, '""친절해요""': 199, '""가성비가 좋아요""': 179, '""양이 많아요""': 165}","['콜키지 가능', '단체 이용 가능', '예약', '무선 인터넷']",False
원나잇,"{'""음식이 맛있어요""': 294, '""단체모임 하기 좋아요""': 214, '""대화하기 좋아요""': 202, '""기본 안주가 좋아요""': 109}","['콜키지 가능', '생일 혜택', '예약', '단체 이용 가능', '무선 인터넷', '남/녀 화장실 구분', '출입구 휠체어 이용가능', '장애인 주차구역']",False
고토히라우동,"{'""음식이 맛있어요""': 619, '""친절해요""': 260, '""양이 많아요""': 230, '""혼밥하기 좋아요""': 212}","['무선 인터넷', '단체 이용 가능', '예약']",False
카페333,"{'""커피가 맛있어요""': 215, '""음료가 맛있어요""': 160, '""친절해요""': 157, '""인테리어가 멋져요""': 111}","['무선 인터넷', '남/녀 화장실 구분', '포장']",False
텃밭,"{'""음식이 맛있어요""': 226, '""가성비가 좋아요""': 160, '""친절해요""': 122, '""양이 많아요""': 70}",['단체 이용 가능'],False
시카고,"{'""음식이 맛있어요""': 318, '""친절해요""': 135, '""인테리어가 멋져요""': 119, '""특별한 메뉴가 있어요""': 99}","['테이크아웃 할인', '포장', '무선 인터넷', '남/녀 화장실 구분', '단체 이용 가능', '배달', '예약']",False
대포막창 生 삼겹,"{'""음식이 맛있어요""': 196, '""친절해요""': 84, '""특별한 메뉴가 있어요""': 51, '""가성비가 좋아요""': 37}","['단체 이용 가능', '예약', '무선 인터넷']",False
쭌곱창,"{'""음식이 맛있어요""': 399, '""양이 많아요""': 160, '""특별한 메뉴가 있어요""': 136, '""친절해요""': 123}","['테이크아웃 할인', '무선 인터넷', '포장', '배달', '예약', '단체 이용 가능']",False
노라바라,"{'""음식이 맛있어요""': 174, '""단체모임 하기 좋아요""': 117, '""기본 안주가 좋아요""': 99, '""친절해요""': 95}","['예약', '단체 이용 가능', '남/녀 화장실 구분', '무선 인터넷']",True
모미모미 홍대본점,"{'""음식이 맛있어요""': 924, '""재료가 신선해요""': 540, '""친절해요""': 381, '""양이 많아요""': 264}","['단체 이용 가능', '포장', '무선 인터넷']",False
깐부치킨,"{'""음식이 맛있어요""': 43, '""재료가 신선해요""': 13, '""친절해요""': 10, '""단체모임 하기 좋아요""': 10}",['포장'],False
몽주방,"{'""음식이 맛있어요""': 943, '""특별한 메뉴가 있어요""': 377, '""인테리어가 멋져요""': 340, '""친절해요""': 303}","['무선 인터넷', '단체 이용 가능', '예약', '남/녀 화장실 구분']",False
갯마을,"{'""음식이 맛있어요""': 79, '""가성비가 좋아요""': 32, '""친절해요""': 23, '""양이 많아요""': 23}",[],False
애쉬앤블룸 1,"{'""술이 다양해요""': 86, '""친절해요""': 68, '""인테리어가 멋져요""': 65, '""대화하기 좋아요""': 46}","['예약', '단체 이용 가능', '포장', '무선 인터넷', '유아시설 (놀이방)', '남/녀 화장실 구분']",False
명품잔치국수집,"{'""음식이 맛있어요""': 473, '""양이 많아요""': 173, '""가성비가 좋아요""': 166, '""친절해요""': 142}","['단체 이용 가능', '무선 인터넷']",False
옹다래찜닭.디저트,"{'""음식이 맛있어요""': 274, '""양이 많아요""': 117, '""매장이 넓어요""': 113, '""친절해요""': 94}","['콜키지 가능', '예약', '단체 이용 가능', '포장', '배달', '남/녀 화장실 구분']",False
사이,"{'""음식이 맛있어요""': 192, '""친절해요""': 84, '""특별한 메뉴가 있어요""': 53, '""대화하기 좋아요""': 53}","['예약', '무선 인터넷']",False
통영박이충무김밥,"{'""음식이 맛있어요""': 239, '""혼밥하기 좋아요""': 105, '""재료가 신선해요""': 61, '""친절해요""': 59}","['포장', '무선 인터넷', '예약', '반려동물 동반']",False
마시타야,"{'""음식이 맛있어요""': 282, '""혼밥하기 좋아요""': 165, '""특별한 메뉴가 있어요""': 119, '""친절해요""': 83}",[],False
마포오리농장,"{'""음식이 맛있어요""': 563, '""매장이 넓어요""': 258, '""고기 질이 좋아요""': 247, '""단체모임 하기 좋아요""': 219}","['콜키지 가능', '단체 이용 가능', '포장', '배달', '예약', '무선 인터넷', '남/녀 화장실 구분', '유아의자']",True
몽마르뜨언덕,"{'""음식이 맛있어요""': 53, '""재료가 신선해요""': 32, '""양이 많아요""': 31, '""반찬이 잘 나와요""': 28}",[],False
주섬주섬,"{'""음식이 맛있어요""': 54, '""친절해요""': 42, '""가성비가 좋아요""': 32, '""음악이 좋아요""': 31}","['무선 인터넷', '남/녀 화장실 구분']",False
와우끝집,"{'""음식이 맛있어요""': 125, '""재료가 신선해요""': 69, '""특별한 메뉴가 있어요""': 42, '""양이 많아요""': 27}","['콜키지 가능', '무선 인터넷', '남/녀 화장실 구분', '단체 이용 가능']",False
마포만두,"{'""음식이 맛있어요""': 645, '""가성비가 좋아요""': 326, '""혼밥하기 좋아요""': 304, '""친절해요""': 200}",[],False
포몬스 홍대점,"{'""음식이 맛있어요""': 193, '""친절해요""': 70, '""양이 많아요""': 67, '""매장이 넓어요""': 54}","['예약', '포장', '배달']",False
마왕족발,"{'""음식이 맛있어요""': 277, '""양이 많아요""': 110, '""고기 질이 좋아요""': 94, '""친절해요""': 89}","['포장', '배달', '예약', '무선 인터넷']",False
맘대로 마라탕훠궈,"{'""음식이 맛있어요""': 72, '""재료가 신선해요""': 27, '""가성비가 좋아요""': 18, '""양이 많아요""': 15}",['무한 리필'],False
버켓크랩,"{'""음식이 맛있어요""': 38, '""친절해요""': 34, '""특별한 메뉴가 있어요""': 21, '""재료가 신선해요""': 13}","['포장', '무선 인터넷', '배달', '단체 이용 가능', '반려동물 동반', '예약']",False
고랭,"{'""음식이 맛있어요""': 35, '""친절해요""': 20, '""양이 많아요""': 19, '""특별한 메뉴가 있어요""': 13}","['콜키지 가능', '단체 이용 가능', '포장', '무선 인터넷', '대기공간', '출입구 휠체어 이용가능', '좌석 휠체어 이용가능']",False
식이네,"{'""음식이 맛있어요""': 86, '""재료가 신선해요""': 36, '""가성비가 좋아요""': 36, '""친절해요""': 35}","['예약', '단체 이용 가능']",False
혼가츠,"{'""음식이 맛있어요""': 676, '""양이 많아요""': 223, '""가성비가 좋아요""': 213, '""친절해요""': 211}","['단체 이용 가능', '무선 인터넷', '남/녀 화장실 구분']",False
플래닛,"{'""음식이 맛있어요""': 55, '""친절해요""': 35, '""대화하기 좋아요""': 23, '""술이 다양해요""': 19}",[],False
제순식당 홍대점,"{'""음식이 맛있어요""': 220, '""가성비가 좋아요""': 99, '""친절해요""': 77, '""혼밥하기 좋아요""': 56}","['포장', '무선 인터넷', '예약']",False
우리닭갈비,"{'""음식이 맛있어요""': 287, '""가성비가 좋아요""': 139, '""친절해요""': 138, '""양이 많아요""': 92}",[],False
술개구리,"{'""술이 다양해요""': 36, '""음식이 맛있어요""': 35, '""친절해요""': 21, '""대화하기 좋아요""': 19}","['예약', '포장', '무선 인터넷', '단체 이용 가능']",False
베이스캠프,"{'""음식이 맛있어요""': 76, '""인테리어가 멋져요""': 35, '""매장이 넓어요""': 31, '""고기 질이 좋아요""': 30}","['예약', '단체 이용 가능', '무선 인터넷', '반려동물 동반', '남/녀 화장실 구분', '포장']",False
이치류,"{'""음식이 맛있어요""': 404, '""친절해요""': 198, '""고기 질이 좋아요""': 172, '""특별한 메뉴가 있어요""': 128}","['무선 인터넷', '남/녀 화장실 구분', '유아의자', '대기공간']",False
턴테이블,"{'""커피가 맛있어요""': 29, '""친절해요""': 25, '""인테리어가 멋져요""': 24, '""대화하기 좋아요""': 22}","['무선 인터넷', '반려동물 동반']",False
평이담백 뼈칼국수,"{'""음식이 맛있어요""': 912, '""양이 많아요""': 356, '""특별한 메뉴가 있어요""': 249, '""재료가 신선해요""': 213}","['포장', '남/녀 화장실 구분']",False
고고스,{},[],False
봉대박스파게티 홍대점,"{'""음식이 맛있어요""': 71, '""가성비가 좋아요""': 47, '""친절해요""': 43, '""양이 많아요""': 30}","['예약', '단체 이용 가능', '포장', '배달', '무선 인터넷', '남/녀 화장실 구분']",False
든든,"{'""음식이 맛있어요""': 67, '""술이 다양해요""': 40, '""특별한 메뉴가 있어요""': 30, '""대화하기 좋아요""': 29}","['예약', '무선 인터넷']",False
소고산제일루,"{'""음식이 맛있어요""': 118, '""재료가 신선해요""': 42, '""친절해요""': 38, '""특별한 메뉴가 있어요""': 34}","['예약', '단체 이용 가능', '포장', '무선 인터넷', '배달']",False
닭꼬얌,"{'""음식이 맛있어요""': 94, '""가성비가 좋아요""': 52, '""재료가 신선해요""': 34, '""양이 많아요""': 34}","['포장', '예약', '남/녀 화장실 구분']",False
고수포차 본점,"{'""음식이 맛있어요""': 65, '""친절해요""': 37, '""인테리어가 멋져요""': 27, '""양이 많아요""': 18}","['단체 이용 가능', '무선 인터넷', '반려동물 동반', '남/녀 화장실 구분']",False
나성타코 홍대점,"{'""음식이 맛있어요""': 733, '""친절해요""': 247, '""특별한 메뉴가 있어요""': 203, '""재료가 신선해요""': 200}","['무선 인터넷', '포장', '배달']",False
야키토리나루토 홍대,"{'""음식이 맛있어요""': 37, '""친절해요""': 27, '""특별한 메뉴가 있어요""': 13, '""매장이 청결해요""': 12}","['콜키지 가능', '예약', '단체 이용 가능', '무선 인터넷', '대기공간']",False
시향,"{'""음식이 맛있어요""': 170, '""친절해요""': 47, '""가성비가 좋아요""': 43, '""재료가 신선해요""': 38}","['포장', '무선 인터넷', '예약', '단체 이용 가능']",False
홍대 마포껍데기,"{'""음식이 맛있어요""': 91, '""고기 질이 좋아요""': 50, '""친절해요""': 38, '""가성비가 좋아요""': 26}","['예약', '단체 이용 가능', '무선 인터넷']",False
림가기,"{'""음식이 맛있어요""': 170, '""친절해요""': 78, '""특별한 메뉴가 있어요""': 67, '""재료가 신선해요""': 36}","['예약', '포장', '무선 인터넷', '배달']",False
커피디지 합정점,"{'""커피가 맛있어요""': 62, '""친절해요""': 55, '""가성비가 좋아요""': 40, '""대화하기 좋아요""': 25}",['무선 인터넷'],False
할머니가래떡볶이,"{'""음식이 맛있어요""': 178, '""양이 많아요""': 44, '""친절해요""': 32, '""가성비가 좋아요""': 31}","['포장', '방문접수/출장']",False
타마고,"{'""음식이 맛있어요""': 161, '""특별한 메뉴가 있어요""': 60, '""친절해요""': 50, '""재료가 신선해요""': 37}",[],False
춘리마라탕 홍대점,"{'""음식이 맛있어요""': 297, '""재료가 신선해요""': 203, '""양이 많아요""': 120, '""가성비가 좋아요""': 105}",[],False
효봉포차,"{'""음식이 맛있어요""': 100, '""특별한 메뉴가 있어요""': 58, '""친절해요""': 39, '""대화하기 좋아요""': 28}",[],False
미미방,"{'""음식이 맛있어요""': 78, '""가성비가 좋아요""': 39, '""친절해요""': 34, '""특별한 메뉴가 있어요""': 18}",[],False
자성당,"{'""음식이 맛있어요""': 390, '""특별한 메뉴가 있어요""': 128, '""양이 많아요""': 93, '""혼밥하기 좋아요""': 92}",['예약'],False
이모네,"{'""음식이 맛있어요""': 66, '""친절해요""': 23, '""양이 많아요""': 22, '""가성비가 좋아요""': 17}",[],False
제주특별집,"{'""음식이 맛있어요""': 396, '""고기 질이 좋아요""': 384, '""특별한 메뉴가 있어요""': 176, '""인테리어가 멋져요""': 154}","['단체 이용 가능', '예약', '남/녀 화장실 구분', '대기공간']",False
비비리2,"{'""음식이 맛있어요""': 121, '""재료가 신선해요""': 91, '""양이 많아요""': 87, '""가성비가 좋아요""': 87}","['포장', '예약', '무선 인터넷', '단체 이용 가능']",False
마포소문난족발,"{'""음식이 맛있어요""': 283, '""양이 많아요""': 85, '""가성비가 좋아요""': 71, '""친절해요""': 69}",[],False
스시겐,"{'""음식이 맛있어요""': 75, '""재료가 신선해요""': 51, '""친절해요""': 33, '""매장이 청결해요""': 31}",['예약'],False
쿠시카츠 오지상,"{'""음식이 맛있어요""': 172, '""친절해요""': 120, '""특별한 메뉴가 있어요""': 87, '""인테리어가 멋져요""': 65}","['콜키지 가능', '비건 메뉴', '생일 혜택', '유기농 메뉴', '예약', '대기공간', '무선 인터넷']",False
하카타나카,"{'""음식이 맛있어요""': 454, '""특별한 메뉴가 있어요""': 202, '""혼밥하기 좋아요""': 159, '""친절해요""': 149}","['포장', '무선 인터넷']",False
??DOPE),"{'""술이 다양해요""': 69, '""음악이 좋아요""': 62, '""인테리어가 멋져요""': 49, '""친절해요""': 42}","['콜키지 가능', '생일 혜택', '예약', '단체 이용 가능']",False
노루목황소곱창,"{'""음식이 맛있어요""': 340, '""친절해요""': 164, '""가성비가 좋아요""': 100, '""매장이 넓어요""': 60}","['단체 이용 가능', '무선 인터넷']",False
온달집,"{'""음식이 맛있어요""': 197, '""친절해요""': 48, '""특별한 메뉴가 있어요""': 37, '""양이 많아요""': 27}","['단체 이용 가능', '무선 인터넷', '남/녀 화장실 구분', '배달', '포장']",False
샤브로21 상수역,"{'""음식이 맛있어요""': 343, '""재료가 신선해요""': 234, '""가성비가 좋아요""': 194, '""혼밥하기 좋아요""': 158}",['무선 인터넷'],False
에잇스톤스,"{'""종류가 다양해요""': 49, '""가성비가 좋아요""': 32, '""독특한 디자인이 많아요""': 27, '""친절해요""': 24}",['무선 인터넷'],False
르브와,"{'""품질이 좋아요""': 131, '""종류가 다양해요""': 127, '""친절해요""': 123, '""가성비가 좋아요""': 106}","['예약', '무선 인터넷']",False
조선화로구이,"{'""음식이 맛있어요""': 384, '""친절해요""': 166, '""매장이 넓어요""': 83, '""고기 질이 좋아요""': 82}","['예약', '단체 이용 가능', '포장', '무선 인터넷', '남/녀 화장실 구분', '배달', '출입구 휠체어 이용가능']",True
남북통일,"{'""음식이 맛있어요""': 673, '""양이 많아요""': 209, '""특별한 메뉴가 있어요""': 167, '""친절해요""': 138}",[],False
서교참치,"{'""음식이 맛있어요""': 125, '""재료가 신선해요""': 105, '""친절해요""': 105, '""가성비가 좋아요""': 70}","['콜키지 가능', '무한 리필', '예약', '포장', '무선 인터넷', '단체 이용 가능']",False
카레시,"{'""음식이 맛있어요""': 770, '""특별한 메뉴가 있어요""': 341, '""재료가 신선해요""': 304, '""친절해요""': 188}",[],False
형제소머리국밥,"{'""음식이 맛있어요""': 126, '""가성비가 좋아요""': 41, '""친절해요""': 38, '""혼밥하기 좋아요""': 35}",[],False
우주집,"{'""고기 질이 좋아요""': 32, '""음식이 맛있어요""': 31, '""특별한 메뉴가 있어요""': 14, '""친절해요""': 10}","['콜키지 가능', '단체 이용 가능', '포장', '무선 인터넷', '남/녀 화장실 구분']",False
훼미리포차,"{'""음식이 맛있어요""': 53, '""가성비가 좋아요""': 33, '""기본 안주가 좋아요""': 28, '""친절해요""': 23}","['예약', '단체 이용 가능', '포장', '무선 인터넷', '남/녀 화장실 구분', '장애인 주차구역']",False
달봉비어,"{'""음식이 맛있어요""': 86, '""가성비가 좋아요""': 79, '""친절해요""': 56, '""대화하기 좋아요""': 49}","['무선 인터넷', '남/녀 화장실 구분', '단체 이용 가능', '반려동물 동반']",False
네네치킨 서교점,"{'""음식이 맛있어요""': 24, '""친절해요""': 10, '""재료가 신선해요""': 8, '""가성비가 좋아요""': 3}","['예약', '포장', '배달']",False
돈주는남자,"{'""음식이 맛있어요""': 256, '""친절해요""': 139, '""재료가 신선해요""': 90, '""양이 많아요""': 70}","['예약', '단체 이용 가능', '무선 인터넷', '남/녀 화장실 구분']",False
마츠에라멘,"{'""음식이 맛있어요""': 110, '""혼밥하기 좋아요""': 31, '""재료가 신선해요""': 29, '""친절해요""': 28}",[],False
원당감자탕,"{'""음식이 맛있어요""': 97, '""친절해요""': 34, '""혼밥하기 좋아요""': 25, '""양이 많아요""': 25}",[],False
필프리 홍대본점,"{'""빵이 맛있어요""': 330, '""인테리어가 멋져요""': 181, '""특별한 메뉴가 있어요""': 152, '""친절해요""': 148}","['비건 메뉴', '테이크아웃 할인', '포장', '예약', '무선 인터넷']",False
쭈앤쭈,"{'""음식이 맛있어요""': 676, '""재료가 신선해요""': 304, '""친절해요""': 242, '""매장이 넓어요""': 172}","['단체 이용 가능', '예약', '포장']",False
아웃닭 홍대점,"{'""음식이 맛있어요""': 560, '""양이 많아요""': 247, '""친절해요""': 152, '""가성비가 좋아요""': 137}","['포장', '단체 이용 가능', '무선 인터넷', '남/녀 화장실 구분', '대기공간']",False
신선화로,"{'""음식이 맛있어요""': 791, '""고기 질이 좋아요""': 506, '""친절해요""': 354, '""가성비가 좋아요""': 346}","['단체 이용 가능', '예약', '무선 인터넷', '남/녀 화장실 구분']",False
고기장인,"{'""음식이 맛있어요""': 89, '""양이 많아요""': 37, '""재료가 신선해요""': 29, '""가성비가 좋아요""': 26}",[],False
종로빈대떡,"{'""음식이 맛있어요""': 275, '""가성비가 좋아요""': 131, '""친절해요""': 97, '""혼밥하기 좋아요""': 66}","['단체 이용 가능', '포장', '예약']",False
지로우 라멘,"{'""음식이 맛있어요""': 539, '""혼밥하기 좋아요""': 194, '""친절해요""': 152, '""양이 많아요""': 112}",[],False
고향집김치삼겹살,"{'""음식이 맛있어요""': 266, '""고기 질이 좋아요""': 98, '""친절해요""': 78, '""단체모임 하기 좋아요""': 48}","['예약', '포장', '무선 인터넷', '배달', '단체 이용 가능']",False
다북어국,"{'""음식이 맛있어요""': 323, '""재료가 신선해요""': 95, '""친절해요""': 87, '""가성비가 좋아요""': 79}",[],False
큰맘할매순대국,"{'""음식이 맛있어요""': 70, '""가성비가 좋아요""': 25, '""혼밥하기 좋아요""': 22, '""양이 많아요""': 20}","['단체 이용 가능', '포장', '배달']",False
향미,"{'""음식이 맛있어요""': 77, '""가성비가 좋아요""': 57, '""양이 많아요""': 36, '""혼밥하기 좋아요""': 33}",['단체 이용 가능'],False
멘야산다이메,"{'""음식이 맛있어요""': 516, '""혼밥하기 좋아요""': 226, '""친절해요""': 191, '""특별한 메뉴가 있어요""': 120}",['무선 인터넷'],False
정통호프,"{'""음식이 맛있어요""': 53, '""친절해요""': 21, '""가성비가 좋아요""': 21, '""특별한 메뉴가 있어요""': 16}",[],False
다락투,"{'""음식이 맛있어요""': 346, '""친절해요""': 121, '""혼밥하기 좋아요""': 118, '""가성비가 좋아요""': 91}","['남/녀 화장실 구분', '단체 이용 가능']",False
나루토 오모테나시,"{'""음식이 맛있어요""': 610, '""친절해요""': 439, '""특별한 메뉴가 있어요""': 304, '""재료가 신선해요""': 189}",[],False
서래옥,"{'""음식이 맛있어요""': 321, '""친절해요""': 92, '""재료가 신선해요""': 79, '""혼밥하기 좋아요""': 78}","['콜키지 가능', '콜키지 가능', '단체 이용 가능', '포장', '무선 인터넷', '예약', '유아의자']",True
코너펍 Corner Pub,"{'""술이 다양해요""': 54, '""음악이 좋아요""': 30, '""음식이 맛있어요""': 19, '""가성비가 좋아요""': 15}","['단체 이용 가능', '포장', '남/녀 화장실 구분', '무선 인터넷', '예약']",False
멜로우,"{'""디저트가 맛있어요""': 118, '""커피가 맛있어요""': 111, '""음료가 맛있어요""': 88, '""친절해요""': 84}","['예약', '단체 이용 가능', '무선 인터넷', '포장', '배달', '반려동물 동반']",False
민트하임,"{'""디저트가 맛있어요""': 128, '""특별한 메뉴가 있어요""': 110, '""음료가 맛있어요""': 69, '""커피가 맛있어요""': 48}","['포장', '남/녀 화장실 구분']",False
먹보식당,"{'""음식이 맛있어요""': 66, '""반찬이 잘 나와요""': 49, '""가성비가 좋아요""': 47, '""혼밥하기 좋아요""': 44}","['단체 이용 가능', '포장', '무선 인터넷']",False
웰빙뚝배기,"{'""음식이 맛있어요""': 29, '""가성비가 좋아요""': 9, '""양이 많아요""': 8, '""혼밥하기 좋아요""': 6}","['포장', '예약', '남/녀 화장실 구분', '단체 이용 가능']",False
디스틸,"{'""술이 다양해요""': 43, '""혼술하기 좋아요""': 29, '""친절해요""': 25, '""음식이 맛있어요""': 24}","['반려동물 동반', '남/녀 화장실 구분', '무선 인터넷']",False
홍익수제비,"{'""음식이 맛있어요""': 57, '""가성비가 좋아요""': 38, '""친절해요""': 24, '""혼밥하기 좋아요""': 23}",[],False
불나방,"{'""음식이 맛있어요""': 169, '""친절해요""': 73, '""대화하기 좋아요""': 73, '""가성비가 좋아요""': 57}","['예약', '무선 인터넷', '반려동물 동반']",False
미스타교자,"{'""음식이 맛있어요""': 847, '""가성비가 좋아요""': 528, '""친절해요""': 467, '""특별한 메뉴가 있어요""': 365}","['포장', '무선 인터넷', '반려동물 동반']",False
길리건스,"{'""술이 다양해요""': 137, '""인테리어가 멋져요""': 109, '""친절해요""': 99, '""음식이 맛있어요""': 92}","['남/녀 화장실 구분', '무선 인터넷']",False
해피벤처,"{'""음식이 맛있어요""': 77, '""혼밥하기 좋아요""': 38, '""가성비가 좋아요""': 37, '""재료가 신선해요""': 28}","['예약', '포장', '배달']",False
치킨인더키친,"{'""음식이 맛있어요""': 58, '""친절해요""': 32, '""양이 많아요""': 24, '""재료가 신선해요""': 20}","['포장', '무선 인터넷', '배달', '예약']",False
이문어세상,"{'""음식이 맛있어요""': 181, '""재료가 신선해요""': 91, '""친절해요""': 76, '""양이 많아요""': 44}","['단체 이용 가능', '예약', '무선 인터넷', '반려동물 동반', '포장']",True
합정구락부,"{'""음식이 맛있어요""': 94, '""친절해요""': 47, '""인테리어가 멋져요""': 33, '""특별한 메뉴가 있어요""': 30}",[],False
멸치국수,"{'""음식이 맛있어요""': 445, '""가성비가 좋아요""': 299, '""혼밥하기 좋아요""': 245, '""친절해요""': 112}",[],False
키오쿠,"{'""음식이 맛있어요""': 76, '""기본 안주가 좋아요""': 30, '""친절해요""': 29, '""대화하기 좋아요""': 25}",[],False
끼니꺼리,"{'""음식이 맛있어요""': 43, '""혼밥하기 좋아요""': 31, '""반찬이 잘 나와요""': 31, '""가성비가 좋아요""': 25}","['예약', '남/녀 화장실 구분', '단체 이용 가능', '무선 인터넷']",True
조박사복해장국,"{'""음식이 맛있어요""': 129, '""재료가 신선해요""': 39, '""특별한 메뉴가 있어요""': 29, '""친절해요""': 24}","['포장', '남/녀 화장실 구분']",False
형제상회,"{'""음식이 맛있어요""': 92, '""친절해요""': 43, '""가성비가 좋아요""': 37, '""기본 안주가 좋아요""': 31}","['무선 인터넷', '예약']",False
스시경,"{'""음식이 맛있어요""': 37, '""가성비가 좋아요""': 21, '""재료가 신선해요""': 17, '""친절해요""': 14}",[],False
카미야,"{'""음식이 맛있어요""': 722, '""가성비가 좋아요""': 353, '""친절해요""': 219, '""양이 많아요""': 202}","['포장', '무선 인터넷']",False
대청마루,"{'""음식이 맛있어요""': 332, '""친절해요""': 87, '""가성비가 좋아요""': 82, '""양이 많아요""': 78}",[],False
큐브,"{'""음식이 맛있어요""': 37, '""친절해요""': 22, '""기본 안주가 좋아요""': 14, '""가성비가 좋아요""': 12}","['단체 이용 가능', '포장', '예약', '무선 인터넷', '남/녀 화장실 구분']",False
진짜루,"{'""음식이 맛있어요""': 371, '""친절해요""': 145, '""양이 많아요""': 112, '""가성비가 좋아요""': 111}","['예약', '포장', '배달']",False
작가,"{'""음식이 맛있어요""': 209, '""대화하기 좋아요""': 94, '""친절해요""': 63, '""인테리어가 멋져요""': 61}","['단체 이용 가능', '남/녀 화장실 구분']",False
코코버블티 홍대메인거리점,"{'""음료가 맛있어요""': 51, '""특별한 메뉴가 있어요""': 18, '""커피가 맛있어요""': 11, '""친절해요""': 11}",[],False
또바기명태조림,"{'""음식이 맛있어요""': 86, '""친절해요""': 38, '""가성비가 좋아요""': 31, '""양이 많아요""': 29}","['단체 이용 가능', '포장', '예약']",True
에이스보드카페,"{'""시설이 깔끔해요""': 101, '""게임 종류가 다양해요""': 92, '""단체모임 하기 좋아요""': 88, '""친절해요""': 75}","['예약', '남/녀 화장실 구분', '단체 이용 가능', '배달', '무선 인터넷', '대기공간']",False
작심가,"{'""음식이 맛있어요""': 444, '""기본 안주가 좋아요""': 289, '""가성비가 좋아요""': 223, '""술이 다양해요""': 167}","['생일 혜택', '남/녀 화장실 구분', '무선 인터넷', '예약', '단체 이용 가능']",False
콰이찬 홍대점,"{'""음식이 맛있어요""': 166, '""혼밥하기 좋아요""': 65, '""양이 많아요""': 47, '""친절해요""': 42}","['배달', '포장', '단체 이용 가능', '남/녀 화장실 구분']",False
파파초밥,"{'""음식이 맛있어요""': 154, '""친절해요""': 82, '""가성비가 좋아요""': 81, '""재료가 신선해요""': 56}","['포장', '단체 이용 가능']",False
언제라도 여행,"{'""커피가 맛있어요""': 27, '""친절해요""': 21, '""인테리어가 멋져요""': 18, '""매장이 청결해요""': 13}",[],False
헬로헬로,"{'""술이 다양해요""': 45, '""음식이 맛있어요""': 32, '""특별한 메뉴가 있어요""': 22, '""인테리어가 멋져요""': 20}","['무선 인터넷', '반려동물 동반', '예약']",False
난봉꾼,"{'""음식이 맛있어요""': 70, '""재료가 신선해요""': 45, '""친절해요""': 39, '""양이 많아요""': 27}","['예약', '단체 이용 가능', '무선 인터넷', '포장', '반려동물 동반']",False
삼거리포차,"{'""음식이 맛있어요""': 111, '""음악이 좋아요""': 64, '""기본 안주가 좋아요""': 40, '""단체모임 하기 좋아요""': 29}",[],False
도마,"{'""음식이 맛있어요""': 159, '""친절해요""': 55, '""재료가 신선해요""': 44, '""특별한 메뉴가 있어요""': 43}","['콜키지 가능', '예약', '무선 인터넷', '남/녀 화장실 구분', '단체 이용 가능', '포장']",False
산띠,"{'""음식이 맛있어요""': 178, '""친절해요""': 79, '""인테리어가 멋져요""': 45, '""양이 많아요""': 45}","['예약', '단체 이용 가능', '포장', '무선 인터넷', '배달']",False
꼼보포차,"{'""음식이 맛있어요""': 208, '""가성비가 좋아요""': 108, '""기본 안주가 좋아요""': 76, '""친절해요""': 72}",[],False
홍어한마리,"{'""음식이 맛있어요""': 41, '""재료가 신선해요""': 31, '""양이 많아요""': 27, '""특별한 메뉴가 있어요""': 21}",[],False
신선마라탕,"{'""음식이 맛있어요""': 184, '""재료가 신선해요""': 83, '""친절해요""': 79, '""혼밥하기 좋아요""': 60}","['단체 이용 가능', '무선 인터넷', '포장']",False
아틀란티스,"{'""혼술하기 좋아요""': 21, '""술이 다양해요""': 19, '""음식이 맛있어요""': 14, '""친절해요""': 14}","['예약', '무선 인터넷', '반려동물 동반']",False
향원정,"{'""음식이 맛있어요""': 171, '""재료가 신선해요""': 48, '""친절해요""': 40, '""양이 많아요""': 35}","['단체 이용 가능', '포장']",False
토모토카레,"{'""음식이 맛있어요""': 494, '""혼밥하기 좋아요""': 172, '""친절해요""': 168, '""재료가 신선해요""': 124}","['포장', '배달', '무선 인터넷']",False
그녀의밥상,"{'""음식이 맛있어요""': 135, '""가성비가 좋아요""': 85, '""반찬이 잘 나와요""': 72, '""양이 많아요""': 63}","['예약', '단체 이용 가능', '포장', '무선 인터넷']",False
이쪽,"{'""음식이 맛있어요""': 186, '""친절해요""': 99, '""가성비가 좋아요""': 60, '""매장이 청결해요""': 52}","['예약', '무선 인터넷', '단체 이용 가능']",False
강화통통생고기,"{'""음식이 맛있어요""': 506, '""고기 질이 좋아요""': 157, '""친절해요""': 140, '""재료가 신선해요""': 73}","['단체 이용 가능', '예약', '유아의자', '무선 인터넷', '남/녀 화장실 구분', '대기공간']",False
진진,"{'""음식이 맛있어요""': 626, '""특별한 메뉴가 있어요""': 297, '""재료가 신선해요""': 232, '""친절해요""': 169}","['콜키지 가능', '예약', '포장', '무선 인터넷', '남/녀 화장실 구분']",False
산오징어양푼무침,"{'""음식이 맛있어요""': 83, '""재료가 신선해요""': 42, '""양이 많아요""': 23, '""특별한 메뉴가 있어요""': 22}","['예약', '단체 이용 가능', '포장', '무선 인터넷', '남/녀 화장실 구분']",False
통통돼지뽈살,"{'""음식이 맛있어요""': 196, '""친절해요""': 64, '""고기 질이 좋아요""': 56, '""가성비가 좋아요""': 50}","['콜키지 가능', '단체 이용 가능', '예약', '남/녀 화장실 구분', '무선 인터넷', '포장', '유아의자', '대기공간', '출입구 휠체어 이용가능', '좌석 휠체어 이용가능']",False
홍익닭한마리,"{'""음식이 맛있어요""': 326, '""친절해요""': 222, '""양이 많아요""': 126, '""매장이 넓어요""': 123}","['콜키지 가능', '무선 인터넷', '노키즈존', '남/녀 화장실 구분']",False
육쌈냉면,"{'""음식이 맛있어요""': 168, '""가성비가 좋아요""': 80, '""혼밥하기 좋아요""': 60, '""친절해요""': 40}","['포장', '배달', '무선 인터넷', '반려동물 동반', '단체 이용 가능', '대기공간', '예약']",False
닭선생,"{'""음식이 맛있어요""': 48, '""가성비가 좋아요""': 45, '""혼밥하기 좋아요""': 35, '""친절해요""': 33}",[],False
빠넬로,"{'""음식이 맛있어요""': 216, '""특별한 메뉴가 있어요""': 139, '""재료가 신선해요""': 107, '""친절해요""': 88}","['예약', '무선 인터넷', '포장']",False
한스시,"{'""음식이 맛있어요""': 70, '""재료가 신선해요""': 31, '""친절해요""': 31, '""가성비가 좋아요""': 21}","['예약', '포장', '무선 인터넷', '단체 이용 가능']",False
화규,"{'""음식이 맛있어요""': 217, '""친절해요""': 140, '""고기 질이 좋아요""': 121, '""인테리어가 멋져요""': 88}","['콜키지 가능', '예약', '무선 인터넷', '단체 이용 가능', '유아의자']",False
수잔네,"{'""음식이 맛있어요""': 101, '""재료가 신선해요""': 73, '""친절해요""': 64, '""혼밥하기 좋아요""': 44}",['무선 인터넷'],False
세상끝의라멘,"{'""음식이 맛있어요""': 842, '""혼밥하기 좋아요""': 365, '""친절해요""': 343, '""특별한 메뉴가 있어요""': 315}","['단체 이용 가능', '무선 인터넷', '남/녀 화장실 구분']",False
보보호텔,"{'""침구가 좋아요""': 13, '""조용히 쉬기 좋아요""': 11, '""친절해요""': 11, '""깨끗해요""': 7}",['예약'],False
홍대 율촌,"{'""음식이 맛있어요""': 174, '""혼밥하기 좋아요""': 76, '""친절해요""': 65, '""가성비가 좋아요""': 62}","['포장', '남/녀 화장실 구분']",False
오비야,"{'""음식이 맛있어요""': 193, '""특별한 메뉴가 있어요""': 99, '""재료가 신선해요""': 69, '""양이 많아요""': 46}","['비건 메뉴', '콜키지 가능', '배달', '포장', '무선 인터넷', '예약', '단체 이용 가능', '유아의자']",False
낭만포차,"{'""음식이 맛있어요""': 326, '""가성비가 좋아요""': 225, '""특별한 메뉴가 있어요""': 202, '""대화하기 좋아요""': 192}","['무선 인터넷', '남/녀 화장실 구분', '반려동물 동반', '단체 이용 가능', '예약', '배달', '포장']",False
부엉이산장 홍대점2,"{'""음식이 맛있어요""': 870, '""술이 다양해요""': 460, '""인테리어가 멋져요""': 460, '""기본 안주가 좋아요""': 452}","['콜키지 가능', '단체 이용 가능', '예약', '대기공간']",False
향원정,"{'""음식이 맛있어요""': 171, '""재료가 신선해요""': 48, '""친절해요""': 40, '""양이 많아요""': 35}","['단체 이용 가능', '포장']",False
시장을여는사람들 홍대점,"{'""음식이 맛있어요""': 711, '""기본 안주가 좋아요""': 522, '""술이 다양해요""': 415, '""음악이 좋아요""': 338}","['무선 인터넷', '단체 이용 가능']",False
어머님밥상,"{'""음식이 맛있어요""': 51, '""가성비가 좋아요""': 51, '""혼밥하기 좋아요""': 42, '""메뉴 구성이 알차요""': 38}","['예약', '단체 이용 가능', '남/녀 화장실 구분', '무선 인터넷', '배달', '포장']",True
비스트로주라,"{'""음식이 맛있어요""': 452, '""친절해요""': 239, '""가성비가 좋아요""': 165, '""재료가 신선해요""': 125}","['무선 인터넷', '포장', '배달']",False
더 키친 아시아,"{'""음식이 맛있어요""': 532, '""친절해요""': 305, '""양이 많아요""': 279, '""가성비가 좋아요""': 195}","['예약', '무선 인터넷', '단체 이용 가능', '포장']",False
낙원,"{'""음식이 맛있어요""': 49, '""음악이 좋아요""': 32, '""인테리어가 멋져요""': 20, '""대화하기 좋아요""': 15}","['콜키지 가능', '단체 이용 가능', '예약', '남/녀 화장실 구분']",True
제주삼다돈,"{'""음식이 맛있어요""': 208, '""친절해요""': 76, '""매장이 넓어요""': 44, '""재료가 신선해요""': 41}","['콜키지 가능', '단체 이용 가능', '포장', '배달', '예약', '무선 인터넷', '유아의자', '남/녀 화장실 구분']",True
신마포갈매기,"{'""음식이 맛있어요""': 129, '""친절해요""': 61, '""가성비가 좋아요""': 58, '""고기 질이 좋아요""': 35}","['무선 인터넷', '단체 이용 가능', '예약', '유아의자']",False
서교손칼국수,"{'""음식이 맛있어요""': 158, '""친절해요""': 48, '""재료가 신선해요""': 41, '""양이 많아요""': 32}",[],False
제주정원,"{'""음식이 맛있어요""': 279, '""고기 질이 좋아요""': 153, '""매장이 넓어요""': 129, '""친절해요""': 114}","['예약', '단체 이용 가능', '남/녀 화장실 구분', '무선 인터넷']",False
타마시이,"{'""음식이 맛있어요""': 99, '""친절해요""': 42, '""대화하기 좋아요""': 29, '""기본 안주가 좋아요""': 22}",['예약'],False
서교김치찌개,"{'""음식이 맛있어요""': 164, '""친절해요""': 90, '""양이 많아요""': 73, '""가성비가 좋아요""': 61}",[],False
부엉이산장 홍대점1,"{'""음식이 맛있어요""': 870, '""술이 다양해요""': 460, '""인테리어가 멋져요""': 460, '""기본 안주가 좋아요""': 452}","['콜키지 가능', '단체 이용 가능', '예약', '대기공간']",False
신주양꼬치,"{'""음식이 맛있어요""': 181, '""친절해요""': 58, '""고기 질이 좋아요""': 35, '""가성비가 좋아요""': 34}","['예약', '단체 이용 가능', '무선 인터넷', '남/녀 화장실 구분', '포장', '배달']",False
봉주르,"{'""음식이 맛있어요""': 52, '""가성비가 좋아요""': 50, '""혼밥하기 좋아요""': 37, '""반찬이 잘 나와요""': 25}",[],False
퍼스트펭귄카페,"{'""친절해요""': 57, '""커피가 맛있어요""': 47, '""음료가 맛있어요""': 31, '""대화하기 좋아요""': 27}","['예약', '단체 이용 가능', '무선 인터넷']",False
비트윈,"{'""친절해요""': 26, '""술이 다양해요""': 23, '""대화하기 좋아요""': 15, '""혼술하기 좋아요""': 13}","['예약', '단체 이용 가능', '무선 인터넷']",False
아지트,"{'""커피가 맛있어요""': 180, '""친절해요""': 54, '""음료가 맛있어요""': 39, '""대화하기 좋아요""': 27}","['단체 이용 가능', '무선 인터넷']",False
침사추이누들,"{'""음식이 맛있어요""': 373, '""친절해요""': 138, '""양이 많아요""': 119, '""특별한 메뉴가 있어요""': 105}","['포장', '배달', '무선 인터넷']",False
칼국수수제비가,"{'""음식이 맛있어요""': 197, '""친절해요""': 69, '""가성비가 좋아요""': 58, '""재료가 신선해요""': 53}",[],False
디저트39,"{'""커피가 맛있어요""': 70, '""디저트가 맛있어요""': 67, '""음료가 맛있어요""': 66, '""가성비가 좋아요""': 48}","['단체 이용 가능', '포장', '무선 인터넷', '예약', '반려동물 동반', '남/녀 화장실 구분']",False
베리굿 노래타운 홍대점,"{'""음식이 맛있어요""': 125, '""기본 안주가 좋아요""': 81, '""단체모임 하기 좋아요""': 56, '""술이 다양해요""': 50}","['생일 혜택', '포장', '예약', '반려동물 동반', '남/녀 화장실 구분', '단체 이용 가능']",False
포보,"{'""음식이 맛있어요""': 189, '""가성비가 좋아요""': 104, '""혼밥하기 좋아요""': 93, '""양이 많아요""': 85}","['포장', '무선 인터넷']",False
백년육일집,"{'""음식이 맛있어요""': 315, '""친절해요""': 81, '""혼밥하기 좋아요""': 70, '""재료가 신선해요""': 65}","['무선 인터넷', '포장', '배달', '단체 이용 가능']",False
광동포차,"{'""음식이 맛있어요""': 99, '""친절해요""': 46, '""기본 안주가 좋아요""': 30, '""대화하기 좋아요""': 18}","['예약', '단체 이용 가능', '무선 인터넷', '남/녀 화장실 구분']",False
문짱김밥,"{'""음식이 맛있어요""': 109, '""친절해요""': 43, '""재료가 신선해요""': 41, '""혼밥하기 좋아요""': 22}",[],False
고집,"{'""음식이 맛있어요""': 109, '""가성비가 좋아요""': 59, '""반찬이 잘 나와요""': 55, '""혼밥하기 좋아요""': 45}",[],False
플라워,"{'""술이 다양해요""': 90, '""친절해요""': 58, '""대화하기 좋아요""': 58, '""음식이 맛있어요""': 56}","['예약', '남/녀 화장실 구분', '무선 인터넷']",False
스푼,"{'""음식이 맛있어요""': 184, '""특별한 메뉴가 있어요""': 108, '""친절해요""': 82, '""재료가 신선해요""': 78}",[],False
쎄리네찜닭,"{'""음식이 맛있어요""': 190, '""친절해요""': 74, '""양이 많아요""': 74, '""특별한 메뉴가 있어요""': 61}","['단체 이용 가능', '배달', '포장', '예약', '남/녀 화장실 구분']",False
공차 홍대점,"{'""음료가 맛있어요""': 626, '""차가 맛있어요""': 376, '""친절해요""': 213, '""디저트가 맛있어요""': 105}","['포장', '무선 인터넷']",False
리춘시장 합정역점,"{'""음식이 맛있어요""': 174, '""가성비가 좋아요""': 100, '""특별한 메뉴가 있어요""': 51, '""친절해요""': 46}","['단체 이용 가능', '포장', '배달', '예약']",False
국일순대국,"{'""음식이 맛있어요""': 87, '""양이 많아요""': 45, '""친절해요""': 31, '""혼밥하기 좋아요""': 23}",['포장'],False
연가정,"{'""음식이 맛있어요""': 235, '""혼밥하기 좋아요""': 120, '""재료가 신선해요""': 114, '""친절해요""': 86}",['무선 인터넷'],False
포킹94,"{'""음식이 맛있어요""': 118, '""술이 다양해요""': 90, '""친절해요""': 74, '""특별한 메뉴가 있어요""': 62}","['무선 인터넷', '단체 이용 가능', '예약', '포장']",False
야키토리 엔,"{'""음식이 맛있어요""': 174, '""친절해요""': 92, '""특별한 메뉴가 있어요""': 71, '""재료가 신선해요""': 53}","['단체 이용 가능', '무선 인터넷', '예약']",False
별그리는바다,"{'""음식이 맛있어요""': 447, '""친절해요""': 318, '""인테리어가 멋져요""': 192, '""대화하기 좋아요""': 173}","['단체 이용 가능', '예약']",False
마실랭가이드,"{'""음식이 맛있어요""': 180, '""가성비가 좋아요""': 55, '""재료가 신선해요""': 52, '""양이 많아요""': 47}",['포장'],False
한소끔 가정식손만두,"{'""음식이 맛있어요""': 271, '""친절해요""': 88, '""재료가 신선해요""': 71, '""혼밥하기 좋아요""': 67}","['단체 이용 가능', '포장', '배달', '예약', '무선 인터넷']",False
뚜또 페르 뚜띠,"{'""음식이 맛있어요""': 288, '""특별한 메뉴가 있어요""': 194, '""인테리어가 멋져요""': 177, '""친절해요""': 165}","['포장', '예약', '무선 인터넷', '반려동물 동반', '배달']",False
핏제리아오 합정역점,"{'""음식이 맛있어요""': 503, '""재료가 신선해요""': 347, '""친절해요""': 332, '""매장이 청결해요""': 198}","['포장', '배달', '무선 인터넷', '예약', '단체 이용 가능', '유아의자']",False
다이닝 미야비,"{'""음식이 맛있어요""': 616, '""인테리어가 멋져요""': 319, '""친절해요""': 247, '""대화하기 좋아요""': 245}","['콜키지 가능', '무선 인터넷', '예약', '단체 이용 가능']",False
피그바,"{'""음식이 맛있어요""': 908, '""고기 질이 좋아요""': 720, '""친절해요""': 482, '""인테리어가 멋져요""': 359}","['콜키지 가능', '단체 이용 가능', '예약', '무선 인터넷', '대기공간']",True
정이,"{'""음식이 맛있어요""': 379, '""친절해요""': 215, '""가성비가 좋아요""': 215, '""대화하기 좋아요""': 176}",['포장'],False
커리지널,"{'""음식이 맛있어요""': 484, '""재료가 신선해요""': 224, '""혼밥하기 좋아요""': 213, '""특별한 메뉴가 있어요""': 201}",['무선 인터넷'],False
일일수작 홍대합정점,"{'""음식이 맛있어요""': 352, '""기본 안주가 좋아요""': 236, '""술이 다양해요""': 177, '""친절해요""': 155}","['생일 혜택', '단체 이용 가능', '예약', '무선 인터넷', '남/녀 화장실 구분']",False
럭키인디아,"{'""음식이 맛있어요""': 372, '""인테리어가 멋져요""': 194, '""친절해요""': 151, '""재료가 신선해요""': 123}","['콜키지 가능', '비건 메뉴', '예약', '단체 이용 가능', '무선 인터넷', '포장', '남/녀 화장실 구분', '배달', '반려동물 동반', '유아의자', '출입구 휠체어 이용가능', '좌석 휠체어 이용가능']",False
짬뽕지존 홍대점,"{'""음식이 맛있어요""': 341, '""양이 많아요""': 129, '""매장이 넓어요""': 116, '""친절해요""': 75}","['단체 이용 가능', '포장', '배달', '예약', '무선 인터넷', '남/녀 화장실 구분']",True
용용선생 홍대점 1호점,"{'""음식이 맛있어요""': 376, '""특별한 메뉴가 있어요""': 187, '""친절해요""': 152, '""가성비가 좋아요""': 114}",['단체 이용 가능'],False
온리원갈비 합정,"{'""음식이 맛있어요""': 520, '""친절해요""': 256, '""가성비가 좋아요""': 250, '""매장이 넓어요""': 178}","['와인 페어링', '콜키지 가능', '단체 이용 가능', '포장', '예약', '무선 인터넷', '남/녀 화장실 구분', '반려동물 동반', '유아의자', '출입구 휠체어 이용가능', '좌석 휠체어 이용가능']",True
남도뽀글이,"{'""음식이 맛있어요""': 204, '""친절해요""': 111, '""가성비가 좋아요""': 100, '""재료가 신선해요""': 70}","['남/녀 화장실 구분', '단체 이용 가능', '무선 인터넷', '예약']",False
라뎅,"{'""음식이 맛있어요""': 148, '""인테리어가 멋져요""': 88, '""재료가 신선해요""': 86, '""친절해요""': 72}","['단체 이용 가능', '예약', '무선 인터넷', '남/녀 화장실 구분']",False
도원,"{'""음식이 맛있어요""': 232, '""가성비가 좋아요""': 98, '""재료가 신선해요""': 91, '""양이 많아요""': 87}",[],False
부야스곱창,"{'""음식이 맛있어요""': 171, '""친절해요""': 51, '""가성비가 좋아요""': 41, '""양이 많아요""': 34}","['포장', '남/녀 화장실 구분', '배달']",False
토메루,"{'""음식이 맛있어요""': 602, '""친절해요""': 380, '""대화하기 좋아요""': 231, '""술이 다양해요""': 207}","['콜키지 가능', '무선 인터넷', '반려동물 동반', '예약', '단체 이용 가능', '포장', '배달']",False
홍대예티,"{'""음식이 맛있어요""': 586, '""인테리어가 멋져요""': 374, '""매장이 넓어요""': 268, '""친절해요""': 258}","['콜키지 가능', '비건 메뉴', '예약', '단체 이용 가능', '포장', '무선 인터넷', '남/녀 화장실 구분', '배달']",True
네비올로 합정,"{'""음식이 맛있어요""': 235, '""술이 다양해요""': 142, '""인테리어가 멋져요""': 134, '""대화하기 좋아요""': 102}","['콜키지 가능', '와인 페어링', '전문 소믈리에', '포장', '배달', '단체 이용 가능', '예약', '무선 인터넷', '남/녀 화장실 구분', '장애인 휠체어 이용가능', '출입구 휠체어 이용가능', '좌석 휠체어 이용가능', '장애인 주차구역']",False
홍마떡,"{'""음식이 맛있어요""': 565, '""특별한 메뉴가 있어요""': 197, '""친절해요""': 177, '""양이 많아요""': 177}","['포장', '배달', '단체 이용 가능']",False
먼데이즈,"{'""음식이 맛있어요""': 323, '""인테리어가 멋져요""': 206, '""술이 다양해요""': 200, '""친절해요""': 150}","['생일 혜택', '단체 이용 가능', '예약', '무선 인터넷', '남/녀 화장실 구분', '대기공간']",False
마트마타,"{'""음식이 맛있어요""': 70, '""친절해요""': 64, '""인테리어가 멋져요""': 62, '""가성비가 좋아요""': 50}",[],False
포옹남 홍대,"{'""음식이 맛있어요""': 987, '""재료가 신선해요""': 497, '""인테리어가 멋져요""': 443, '""친절해요""': 418}","['포장', '무선 인터넷', '배달']",False
어리라운지,"{'""술이 다양해요""': 188, '""음식이 맛있어요""': 131, '""인테리어가 멋져요""': 116, '""친절해요""': 91}","['무선 인터넷', '단체 이용 가능', '예약']",False
우마담,"{'""음식이 맛있어요""': 187, '""친절해요""': 114, '""특별한 날 가기 좋아요""': 114, '""특별한 메뉴가 있어요""': 81}","['콜키지 가능', '생일 혜택', '예약', '무선 인터넷', '단체 이용 가능']",False
서교포차,"{'""음식이 맛있어요""': 235, '""기본 안주가 좋아요""': 113, '""인테리어가 멋져요""': 99, '""음악이 좋아요""': 97}","['단체 이용 가능', '포장', '예약', '무선 인터넷', '남/녀 화장실 구분']",False
비스트로세노,"{'""음식이 맛있어요""': 137, '""친절해요""': 93, '""재료가 신선해요""': 70, '""특별한 메뉴가 있어요""': 66}","['예약', '무선 인터넷', '반려동물 동반']",False
샴페인 슈퍼노바,"{'""음식이 맛있어요""': 305, '""인테리어가 멋져요""': 297, '""술이 다양해요""': 228, '""음악이 좋아요""': 220}","['콜키지 가능', '생일 혜택', '와인 페어링', '비건 메뉴', '단체 이용 가능', '예약', '무선 인터넷']",False
상수동치맥,"{'""음식이 맛있어요""': 77, '""친절해요""': 36, '""대화하기 좋아요""': 28, '""가성비가 좋아요""': 25}","['예약', '단체 이용 가능', '포장', '남/녀 화장실 구분']",False
난장,"{'""음식이 맛있어요""': 91, '""친절해요""': 33, '""매장이 넓어요""': 28, '""단체모임 하기 좋아요""': 27}","['생일 혜택', '콜키지 가능', '남/녀 화장실 구분', '예약', '반려동물 동반', '무선 인터넷', '단체 이용 가능']",False
귀한족발 홍대서교점,"{'""음식이 맛있어요""': 119, '""재료가 신선해요""': 46, '""친절해요""': 41, '""양이 많아요""': 36}","['단체 이용 가능', '포장', '배달', '예약', '무선 인터넷']",False
카츠와,"{'""음식이 맛있어요""': 543, '""친절해요""': 344, '""재료가 신선해요""': 315, '""양이 많아요""': 256}","['포장', '무선 인터넷', '단체 이용 가능']",False
양화로 1984,"{'""음식이 맛있어요""': 971, '""재료가 신선해요""': 515, '""친절해요""': 453, '""양이 많아요""': 421}","['단체 이용 가능', '무선 인터넷', '예약', '포장']",False
델핀커피바,"{'""커피가 맛있어요""': 63, '""인테리어가 멋져요""': 57, '""친절해요""': 51, '""음료가 맛있어요""': 49}","['테이크아웃 할인', '단체 이용 가능', '예약', '포장', '반려동물 동반']",False
깃시리,"{'""음식이 맛있어요""': 280, '""재료가 신선해요""': 153, '""양이 많아요""': 127, '""인테리어가 멋져요""': 125}",[],False
라라본국,"{'""음식이 맛있어요""': 361, '""재료가 신선해요""': 249, '""매장이 넓어요""': 188, '""혼밥하기 좋아요""': 116}","['단체 이용 가능', '포장', '배달', '예약', '무선 인터넷']",False
분담,"{'""음식이 맛있어요""': 101, '""친절해요""': 79, '""혼밥하기 좋아요""': 52, '""재료가 신선해요""': 48}",['콜키지 가능'],False
미트스타킴,"{'""고기 질이 좋아요""': 94, '""음식이 맛있어요""': 93, '""친절해요""': 61, '""직접 잘 구워줘요""': 61}","['콜키지 가능', '단체 이용 가능', '예약', '무선 인터넷']",True
향남추어탕,"{'""음식이 맛있어요""': 163, '""친절해요""': 50, '""재료가 신선해요""': 49, '""가성비가 좋아요""': 45}","['예약', '포장']",False
옥소반 합정점,"{'""음식이 맛있어요""': 480, '""재료가 신선해요""': 371, '""친절해요""': 173, '""양이 많아요""': 147}","['콜키지 가능', '무한 리필', '예약', '유아의자']",False
타테이와,"{'""음식이 맛있어요""': 236, '""술이 다양해요""': 127, '""친절해요""': 116, '""인테리어가 멋져요""': 99}","['단체 이용 가능', '예약']",False
식선,"{'""음식이 맛있어요""': 169, '""재료가 신선해요""': 123, '""친절해요""': 96, '""가성비가 좋아요""': 68}","['단체 이용 가능', '예약']",False
낀낀,"{'""음식이 맛있어요""': 268, '""현지 맛에 가까워요""': 143, '""친절해요""': 120, '""재료가 신선해요""': 109}","['포장', '무선 인터넷', '단체 이용 가능', '예약']",False
화류,"{'""음식이 맛있어요""': 590, '""술이 다양해요""': 432, '""인테리어가 멋져요""': 306, '""특별한 메뉴가 있어요""': 245}","['콜키지 가능', '전문 소믈리에', '단체 이용 가능', '무선 인터넷']",False
따로집,"{'""음식이 맛있어요""': 263, '""인테리어가 멋져요""': 195, '""특별한 메뉴가 있어요""': 169, '""친절해요""': 157}","['단체 이용 가능', '무선 인터넷', '예약', '남/녀 화장실 구분']",False
명품수제숯불갈비,"{'""음식이 맛있어요""': 100, '""재료가 신선해요""': 46, '""친절해요""': 38, '""가성비가 좋아요""': 37}",[],False
두놈포차,"{'""음식이 맛있어요""': 478, '""인테리어가 멋져요""': 322, '""기본 안주가 좋아요""': 208, '""술이 다양해요""': 152}","['콜키지 가능', '단체 이용 가능', '무선 인터넷', '예약', '남/녀 화장실 구분', '반려동물 동반']",False
청도미나리식당 합정점,"{'""음식이 맛있어요""': 193, '""재료가 신선해요""': 155, '""매장이 넓어요""': 58, '""양이 많아요""': 56}","['콜키지 가능', '단체 이용 가능', '예약', '무선 인터넷', '포장', '대기공간', '유아의자', '좌석 휠체어 이용가능']",False
계림원 누릉지 통닭구이 합정역점,"{'""음식이 맛있어요""': 280, '""친절해요""': 69, '""특별한 메뉴가 있어요""': 66, '""가성비가 좋아요""': 40}","['예약', '단체 이용 가능', '포장', '무선 인터넷', '남/녀 화장실 구분']",False
까사벨라즈,"{'""디저트가 맛있어요""': 296, '""인테리어가 멋져요""': 198, '""커피가 맛있어요""': 193, '""특별한 메뉴가 있어요""': 134}",['테이크아웃 할인'],False
고쿠노야,"{'""음식이 맛있어요""': 589, '""혼밥하기 좋아요""': 276, '""재료가 신선해요""': 268, '""양이 많아요""': 215}","['콜키지 가능', '포장', '배달', '예약', '대기공간', '단체 이용 가능', '무선 인터넷']",False
치킨플러스 합정점,{},"['생일 혜택', '테이크아웃 할인']",False
합정술집 도란,"{'""음식이 맛있어요""': 113, '""특별한 메뉴가 있어요""': 100, '""친절해요""': 62, '""메뉴 구성이 알차요""': 61}","['콜키지 가능', '단체 이용 가능', '예약', '무선 인터넷', '반려동물 동반', '남/녀 화장실 구분', '출입구 휠체어 이용가능', '좌석 휠체어 이용가능']",False
정다운식당,"{'""음식이 맛있어요""': 184, '""재료가 신선해요""': 126, '""친절해요""': 77, '""가성비가 좋아요""': 65}",['단체 이용 가능'],True
록갈비 합정점,"{'""음식이 맛있어요""': 839, '""고기 질이 좋아요""': 636, '""친절해요""': 453, '""양이 많아요""': 354}","['포장', '남/녀 화장실 구분', '예약', '대기공간']",False
합정옥,"{'""음식이 맛있어요""': 524, '""재료가 신선해요""': 152, '""매장이 넓어요""': 140, '""친절해요""': 129}","['예약', '단체 이용 가능', '포장']",False
참바른김밥,"{'""음식이 맛있어요""': 462, '""친절해요""': 270, '""재료가 신선해요""': 268, '""양이 많아요""': 188}",['포장'],False
옆구르기,"{'""음식이 맛있어요""': 152, '""특별한 메뉴가 있어요""': 93, '""친절해요""': 88, '""재료가 신선해요""': 86}","['무선 인터넷', '반려동물 동반', '남/녀 화장실 구분', '포장']",False
로우샹로우,"{'""음식이 맛있어요""': 647, '""고기 질이 좋아요""': 381, '""인테리어가 멋져요""': 310, '""특별한 메뉴가 있어요""': 248}","['콜키지 가능', '단체 이용 가능', '예약', '무선 인터넷', '남/녀 화장실 구분', '포장', '배달', '출입구 휠체어 이용가능', '좌석 휠체어 이용가능']",False
어라운드그린,"{'""음식이 맛있어요""': 89, '""특별한 메뉴가 있어요""': 68, '""재료가 신선해요""': 51, '""친절해요""': 41}","['비건 메뉴', '글루텐프리 메뉴', '포장', '무선 인터넷']",False
넉탐,"{'""음식이 맛있어요""': 137, '""친절해요""': 83, '""단체모임 하기 좋아요""': 54, '""가성비가 좋아요""': 53}","['단체 이용 가능', '무선 인터넷', '예약']",False
망원동즉석떡볶이,"{'""음식이 맛있어요""': 69, '""친절해요""': 24, '""양이 많아요""': 23, '""재료가 신선해요""': 17}","['포장', '배달', '무선 인터넷']",False
마부자생삼겹살,"{'""마사지가 시원해요""': 346, '""친절해요""': 276, '""맞춤 케어를 잘해줘요""': 248, '""분위기가 편안해요""': 225}",[],False
신공주떡볶이,"{'""음식이 맛있어요""': 123, '""친절해요""': 49, '""특별한 메뉴가 있어요""': 43, '""재료가 신선해요""': 41}","['포장', '배달']",False
무대륙,{},"['단체 이용 가능', '무선 인터넷', '반려동물 동반', '남/녀 화장실 구분', '포장', '배달', '예약']",True
둥둥막창구이,"{'""음식이 맛있어요""': 196, '""친절해요""': 60, '""양이 많아요""': 52, '""가성비가 좋아요""': 51}",[],False
희도식당,"{'""음식이 맛있어요""': 703, '""인테리어가 멋져요""': 428, '""친절해요""': 415, '""재료가 신선해요""': 354}","['무선 인터넷', '남/녀 화장실 구분', '반려동물 동반', '유아의자', '포장', '대기공간']",False
백두한우곱창,"{'""마사지가 시원해요""': 346, '""친절해요""': 276, '""맞춤 케어를 잘해줘요""': 248, '""분위기가 편안해요""': 225}",[],False
걸작떡볶이치킨,"{'""음식이 맛있어요""': 65, '""친절해요""': 22, '""양이 많아요""': 16, '""가성비가 좋아요""': 16}","['포장', '배달', '무선 인터넷']",False
폴베리,"{'""음식이 맛있어요""': 421, '""재료가 신선해요""': 357, '""특별한 메뉴가 있어요""': 256, '""친절해요""': 230}","['콜키지 가능', '비건 메뉴', '테이크아웃 할인', '무선 인터넷', '반려동물 동반', '포장']",False
고미태,"{'""음식이 맛있어요""': 195, '""특별한 메뉴가 있어요""': 154, '""재료가 신선해요""': 114, '""혼밥하기 좋아요""': 102}",[],False
식껍 합정점,"{'""마사지가 시원해요""': 346, '""친절해요""': 276, '""맞춤 케어를 잘해줘요""': 248, '""분위기가 편안해요""': 225}",[],False
함반,"{'""음식이 맛있어요""': 816, '""특별한 메뉴가 있어요""': 449, '""친절해요""': 398, '""재료가 신선해요""': 292}","['남/녀 화장실 구분', '무선 인터넷']",False
미필담,"{'""음식이 맛있어요""': 170, '""혼밥하기 좋아요""': 82, '""재료가 신선해요""': 73, '""특별한 메뉴가 있어요""': 67}","['무선 인터넷', '단체 이용 가능']",False
윤슬,"{'""음식이 맛있어요""': 96, '""특별한 메뉴가 있어요""': 41, '""대화하기 좋아요""': 39, '""친절해요""': 38}",[],False
청주식당,"{'""음식이 맛있어요""': 117, '""가성비가 좋아요""': 53, '""친절해요""': 47, '""반찬이 잘 나와요""': 41}","['예약', '단체 이용 가능']",False
잇텐고,"{'""음식이 맛있어요""': 697, '""특별한 메뉴가 있어요""': 406, '""혼밥하기 좋아요""': 284, '""친절해요""': 270}",['무선 인터넷'],False
합정전,"{'""음식이 맛있어요""': 88, '""친절해요""': 39, '""가성비가 좋아요""': 31, '""매장이 넓어요""': 30}","['포장', '단체 이용 가능', '예약', '무선 인터넷']",False
당고집,"{'""디저트가 맛있어요""': 494, '""특별한 메뉴가 있어요""': 368, '""친절해요""': 238, '""음료가 맛있어요""': 190}","['배달', '포장', '무선 인터넷']",False
금문중화요리,"{'""마사지가 시원해요""': 346, '""친절해요""': 276, '""맞춤 케어를 잘해줘요""': 248, '""분위기가 편안해요""': 225}",[],False
하동우렁추어탕,"{'""음식이 맛있어요""': 991, '""친절해요""': 292, '""재료가 신선해요""': 244, '""양이 많아요""': 194}","['단체 이용 가능', '예약', '남/녀 화장실 구분', '무선 인터넷', '포장', '출입구 휠체어 이용가능']",True
잠두봉더나인,"{'""뷰가 좋아요""': 146, '""음식이 맛있어요""': 81, '""매장이 넓어요""': 38, '""친절해요""': 33}","['단체 이용 가능', '반려동물 동반']",False
합정감자탕,"{'""음식이 맛있어요""': 162, '""친절해요""': 53, '""양이 많아요""': 47, '""재료가 신선해요""': 37}","['단체 이용 가능', '포장', '무선 인터넷']",False
새벽숯불가든,"{'""음식이 맛있어요""': 195, '""친절해요""': 73, '""재료가 신선해요""': 72, '""특별한 메뉴가 있어요""': 36}","['무선 인터넷', '예약', '남/녀 화장실 구분']",False
포로이,"{'""마사지가 시원해요""': 346, '""친절해요""': 276, '""맞춤 케어를 잘해줘요""': 248, '""분위기가 편안해요""': 225}",[],False
어른이대공원,"{'""음식이 맛있어요""': 44, '""음악이 좋아요""': 40, '""친절해요""': 30, '""단체모임 하기 좋아요""': 26}","['콜키지 가능', '생일 혜택', '테이크아웃 할인', '단체 이용 가능', '예약', '무선 인터넷', '남/녀 화장실 구분']",False
연희중식,"{'""음식이 맛있어요""': 219, '""재료가 신선해요""': 62, '""친절해요""': 53, '""가성비가 좋아요""': 44}","['콜키지 가능', '예약', '포장', '무선 인터넷', '단체 이용 가능', '배달', '남/녀 화장실 구분']",False
찐육개장,"{'""음식이 맛있어요""': 81, '""친절해요""': 29, '""재료가 신선해요""': 27, '""가성비가 좋아요""': 25}","['예약', '단체 이용 가능', '포장', '남/녀 화장실 구분']",False
합정뒷고기,"{'""음식이 맛있어요""': 182, '""친절해요""': 76, '""가성비가 좋아요""': 67, '""고기 질이 좋아요""': 52}","['예약', '단체 이용 가능']",False
버섯마루,"{'""음식이 맛있어요""': 181, '""재료가 신선해요""': 104, '""친절해요""': 49, '""양이 많아요""': 46}",[],False
은하루,"{'""음식이 맛있어요""': 366, '""재료가 신선해요""': 131, '""친절해요""': 113, '""특별한 메뉴가 있어요""': 85}",[],False
컬투치킨 합정사랑점,"{'""음식이 맛있어요""': 393, '""친절해요""': 149, '""가성비가 좋아요""': 131, '""재료가 신선해요""': 121}","['단체 이용 가능', '포장', '배달', '무선 인터넷', '예약']",False
깊은숲,"{'""술이 다양해요""': 194, '""음식이 맛있어요""': 142, '""대화하기 좋아요""': 108, '""인테리어가 멋져요""': 95}","['예약', '무선 인터넷', '남/녀 화장실 구분']",False
유라유라,"{'""음식이 맛있어요""': 273, '""대화하기 좋아요""': 111, '""술이 다양해요""': 106, '""기본 안주가 좋아요""': 93}","['콜키지 가능', '단체 이용 가능', '예약', '노키즈존', '포장', '무선 인터넷']",False
푸줏간생고기,"{'""음식이 맛있어요""': 102, '""친절해요""': 52, '""고기 질이 좋아요""': 51, '""가성비가 좋아요""': 35}",[],False
경성양꼬치,"{'""음식이 맛있어요""': 114, '""친절해요""': 27, '""고기 질이 좋아요""': 24, '""가성비가 좋아요""': 20}",[],False
옹달샘 합정 고깃집,"{'""음식이 맛있어요""': 70, '""고기 질이 좋아요""': 37, '""친절해요""': 33, '""직접 잘 구워줘요""': 17}",[],False
다사랑치킨,"{'""음식이 맛있어요""': 187, '""매장이 넓어요""': 58, '""친절해요""': 49, '""단체모임 하기 좋아요""': 42}","['예약', '단체 이용 가능', '포장', '배달', '남/녀 화장실 구분']",False
쿠시로지,"{'""음식이 맛있어요""': 84, '""친절해요""': 36, '""인테리어가 멋져요""': 32, '""술이 다양해요""': 26}",[],False
콩청대,"{'""음식이 맛있어요""': 405, '""친절해요""': 167, '""재료가 신선해요""': 164, '""특별한 메뉴가 있어요""': 86}",[],False
카즈,"{'""음식이 맛있어요""': 128, '""친절해요""': 50, '""대화하기 좋아요""': 47, '""술이 다양해요""': 35}","['콜키지 가능', '예약']",False
지리산어탕국수,"{'""음식이 맛있어요""': 203, '""특별한 메뉴가 있어요""': 68, '""양이 많아요""': 58, '""가성비가 좋아요""': 47}",['단체 이용 가능'],False
합정조이떡볶이,"{'""음식이 맛있어요""': 685, '""가성비가 좋아요""': 293, '""친절해요""': 292, '""양이 많아요""': 180}","['남/녀 화장실 구분', '배달', '포장', '무선 인터넷']",False
돌황소곱창,"{'""음식이 맛있어요""': 320, '""친절해요""': 151, '""재료가 신선해요""': 97, '""양이 많아요""': 78}","['단체 이용 가능', '예약', '포장', '무선 인터넷']",False
합정생고기김치찌개,"{'""음식이 맛있어요""': 190, '""가성비가 좋아요""': 72, '""친절해요""': 57, '""양이 많아요""': 51}",[],False
퓨전,"{'""음식이 맛있어요""': 122, '""술이 다양해요""': 81, '""가성비가 좋아요""': 76, '""친절해요""': 69}",[],False
양화정,"{'""음식이 맛있어요""': 614, '""친절해요""': 223, '""고기 질이 좋아요""': 208, '""매장이 넓어요""': 149}","['콜키지 가능', '단체 이용 가능', '포장', '무선 인터넷', '남/녀 화장실 구분', '예약', '유아의자', '장애인 주차구역']",True
스미비클럽,"{'""음식이 맛있어요""': 184, '""친절해요""': 118, '""인테리어가 멋져요""': 82, '""특별한 메뉴가 있어요""': 82}","['콜키지 가능', '남/녀 화장실 구분', '예약', '무선 인터넷', '반려동물 동반']",False
숯닭,"{'""음식이 맛있어요""': 88, '""친절해요""': 66, '""가성비가 좋아요""': 24, '""재료가 신선해요""': 21}","['단체 이용 가능', '포장', '남/녀 화장실 구분']",False
신야텐야합정교보문고점,"{'""마사지가 시원해요""': 346, '""친절해요""': 276, '""맞춤 케어를 잘해줘요""': 248, '""분위기가 편안해요""': 225}",[],False
호계식,"{'""음식이 맛있어요""': 262, '""혼밥하기 좋아요""': 128, '""친절해요""': 113, '""양이 많아요""': 101}","['포장', '배달']",False
무교동낙지,"{'""음식이 맛있어요""': 99, '""가성비가 좋아요""': 38, '""친절해요""': 33, '""재료가 신선해요""': 31}",[],False
필참치,{},"['예약', '단체 이용 가능', '남/녀 화장실 구분', '무선 인터넷', '포장']",False
합정숯불갈비,"{'""음식이 맛있어요""': 94, '""친절해요""': 52, '""가성비가 좋아요""': 40, '""재료가 신선해요""': 31}","['무선 인터넷', '예약', '단체 이용 가능']",False
백미향,"{'""음식이 맛있어요""': 220, '""친절해요""': 92, '""가성비가 좋아요""': 77, '""재료가 신선해요""': 49}","['예약', '단체 이용 가능', '포장', '배달']",False
엄마손생선구이,"{'""음식이 맛있어요""': 249, '""가성비가 좋아요""': 80, '""친절해요""': 62, '""혼밥하기 좋아요""': 59}",[],False
비앤비,"{'""술이 다양해요""': 80, '""친절해요""': 49, '""대화하기 좋아요""': 41, '""음식이 맛있어요""': 40}",['무선 인터넷'],False
미삼,"{'""음식이 맛있어요""': 262, '""특별한 메뉴가 있어요""': 166, '""친절해요""': 124, '""고기 질이 좋아요""': 106}","['콜키지 가능', '콜키지 가능', '예약', '포장', '남/녀 화장실 구분', '단체 이용 가능', '무선 인터넷', '반려동물 동반']",False
코리아식당,"{'""음식이 맛있어요""': 365, '""친절해요""': 119, '""재료가 신선해요""': 102, '""가성비가 좋아요""': 95}",[],False
오뎅바,"{'""음식이 맛있어요""': 123, '""특별한 메뉴가 있어요""': 57, '""친절해요""': 38, '""가성비가 좋아요""': 38}",[],False
닭날다,"{'""음식이 맛있어요""': 140, '""친절해요""': 65, '""특별한 메뉴가 있어요""': 47, '""인테리어가 멋져요""': 44}",[],False
참숯불풍천장어,"{'""음식이 맛있어요""': 159, '""재료가 신선해요""': 58, '""친절해요""': 50, '""가성비가 좋아요""': 19}","['예약', '단체 이용 가능', '무선 인터넷', '남/녀 화장실 구분']",False
라베니스,"{'""음식이 맛있어요""': 178, '""친절해요""': 91, '""양이 많아요""': 84, '""인테리어가 멋져요""': 73}","['콜키지 가능', '무선 인터넷', '예약', '포장', '단체 이용 가능', '남/녀 화장실 구분', '유아의자']",False
마포소금구이,"{'""음식이 맛있어요""': 238, '""고기 질이 좋아요""': 60, '""친절해요""': 42, '""가성비가 좋아요""': 40}",[],False
육전국밥 합정점,"{'""음식이 맛있어요""': 447, '""혼밥하기 좋아요""': 154, '""가성비가 좋아요""': 116, '""매장이 넓어요""': 96}","['단체 이용 가능', '포장', '배달', '무선 인터넷', '남/녀 화장실 구분', '예약']",False
히게쯔라,"{'""음식이 맛있어요""': 226, '""친절해요""': 124, '""특별한 메뉴가 있어요""': 90, '""술이 다양해요""': 79}","['콜키지 가능', '예약', '무선 인터넷', '단체 이용 가능']",False
행진,"{'""음식이 맛있어요""': 239, '""친절해요""': 80, '""고기 질이 좋아요""': 80, '""특별한 메뉴가 있어요""': 70}","['콜키지 가능', '단체 이용 가능', '남/녀 화장실 구분', '무선 인터넷', '예약', '대기공간']",False
카에루,"{'""음식이 맛있어요""': 104, '""특별한 메뉴가 있어요""': 51, '""친절해요""': 28, '""대화하기 좋아요""': 26}","['예약', '무선 인터넷']",False
츠키젠,"{'""음식이 맛있어요""': 768, '""재료가 신선해요""': 281, '""친절해요""': 259, '""특별한 메뉴가 있어요""': 246}",['남/녀 화장실 구분'],False
그릭조이,"{'""음식이 맛있어요""': 92, '""특별한 메뉴가 있어요""': 79, '""친절해요""': 50, '""재료가 신선해요""': 35}","['예약', '단체 이용 가능', '포장', '무선 인터넷']",False
고삼이 합정직영점,"{'""음식이 맛있어요""': 100, '""재료가 신선해요""': 47, '""친절해요""': 39, '""양이 많아요""': 34}","['포장', '무선 인터넷', '남/녀 화장실 구분', '예약', '대기공간', '단체 이용 가능']",False
낭만식탁,"{'""음식이 맛있어요""': 162, '""혼밥하기 좋아요""': 80, '""친절해요""': 70, '""양이 많아요""': 66}","['포장', '무선 인터넷', '배달']",False
합정육전면사무소,"{'""마사지가 시원해요""': 346, '""친절해요""': 276, '""맞춤 케어를 잘해줘요""': 248, '""분위기가 편안해요""': 225}",[],False
소노야합정역점,"{'""마사지가 시원해요""': 346, '""친절해요""': 276, '""맞춤 케어를 잘해줘요""': 248, '""분위기가 편안해요""': 225}",[],False
몰토베네,"{'""음식이 맛있어요""': 419, '""친절해요""': 281, '""특별한 메뉴가 있어요""': 222, '""재료가 신선해요""': 176}","['예약', '무선 인터넷', '단체 이용 가능']",False
본전횟집,"{'""음식이 맛있어요""': 120, '""재료가 신선해요""': 76, '""친절해요""': 35, '""양이 많아요""': 26}",[],False
시소,"{'""음식이 맛있어요""': 80, '""친절해요""': 45, '""대화하기 좋아요""': 40, '""인테리어가 멋져요""': 27}",['콜키지 가능'],False
홍콩반점,"{'""음식이 맛있어요""': 404, '""친절해요""': 181, '""가성비가 좋아요""': 114, '""양이 많아요""': 78}","['예약', '단체 이용 가능', '포장', '배달']",False
신김치생삼겹살2호,"{'""음식이 맛있어요""': 241, '""친절해요""': 84, '""고기 질이 좋아요""': 73, '""단체모임 하기 좋아요""': 30}",[],False
스미비부타동 본점,"{'""음식이 맛있어요""': 372, '""혼밥하기 좋아요""': 202, '""친절해요""': 115, '""양이 많아요""': 115}","['무선 인터넷', '포장', '단체 이용 가능']",False
블랙루머,"{'""음식이 맛있어요""': 171, '""재료가 신선해요""': 138, '""특별한 메뉴가 있어요""': 90, '""양이 많아요""': 73}","['비건 메뉴', '유기농 메뉴', '글루텐프리 메뉴', '포장', '단체 이용 가능', '배달', '방문접수/출장', '예약', '무선 인터넷', '반려동물 동반', '남/녀 화장실 구분']",False
라무라,"{'""음식이 맛있어요""': 1041, '""친절해요""': 560, '""특별한 메뉴가 있어요""': 536, '""혼밥하기 좋아요""': 411}","['단체 이용 가능', '남/녀 화장실 구분', '무선 인터넷']",True
윤멘,"{'""음식이 맛있어요""': 461, '""친절해요""': 281, '""혼밥하기 좋아요""': 252, '""특별한 메뉴가 있어요""': 247}",[],False
헤이브,"{'""디저트가 맛있어요""': 138, '""커피가 맛있어요""': 124, '""인테리어가 멋져요""': 121, '""음료가 맛있어요""': 96}","['테이크아웃 할인', '핸드드립', '무선 인터넷', '단체 이용 가능', '포장', '예약']",False
형제집,"{'""음식이 맛있어요""': 102, '""친절해요""': 60, '""대화하기 좋아요""': 43, '""음악이 좋아요""': 37}","['예약', '반려동물 동반', '단체 이용 가능']",False
슬오라,"{'""음식이 맛있어요""': 106, '""술이 다양해요""': 80, '""음악이 좋아요""': 66, '""친절해요""': 62}","['콜키지 가능', '무선 인터넷', '남/녀 화장실 구분', '반려동물 동반', '예약', '포장']",True
돈까스광명,"{'""음식이 맛있어요""': 203, '""재료가 신선해요""': 96, '""혼밥하기 좋아요""': 95, '""친절해요""': 77}",['무선 인터넷'],False
자자,"{'""음식이 맛있어요""': 221, '""재료가 신선해요""': 111, '""친절해요""': 98, '""특별한 메뉴가 있어요""': 80}","['단체 이용 가능', '포장', '예약', '무선 인터넷', '남/녀 화장실 구분']",False
넌덕,"{'""음식이 맛있어요""': 237, '""친절해요""': 127, '""재료가 신선해요""': 106, '""특별한 메뉴가 있어요""': 91}","['포장', '무선 인터넷', '배달']",True
족발애감동,"{'""음식이 맛있어요""': 83, '""단체모임 하기 좋아요""': 38, '""매장이 넓어요""': 32, '""친절해요""': 28}",[],False
이키,"{'""음식이 맛있어요""': 144, '""특별한 메뉴가 있어요""': 78, '""인테리어가 멋져요""': 77, '""친절해요""': 56}","['예약', '단체 이용 가능']",False
이가네 양꼬치 양갈비,"{'""마사지가 시원해요""': 346, '""친절해요""': 276, '""맞춤 케어를 잘해줘요""': 248, '""분위기가 편안해요""': 225}",[],False
같이양조장,{},"['포장', '예약']",True
